Address;RegName;Clk;Rst;Port;Public;Signal;BitPos;Default;SW(R/W);HW(W);MCU(W);MISC;Description
0x0000;TEST_CONF;pclk;reset_n;;;;[31:1];31'h0;RO;;;;
;;;;Not;;reg_clk_en;[0];1'b0;R/W;;;;~
0x0004;CLK_CONF;pclk;reset_n;;;;[31:17];15'b0;RO;;;;
;;;;;;reg_clk_dcest_cg_bypass;[16];1'b0;R/W;;;;~
;;;;;;reg_clk_dfs_cg_bypass;[15];1'b0;R/W;;;;~
;;;;;;reg_clk_rx_agc_cal_cg_bypass;[14];1'b0;R/W;;;;~
;;;;;;reg_clk_dfe_cal_cg_bypass;[13];1'b0;R/W;;;;~
;;;;;;reg_clk_rx_cg_bypass;[12];1'b0;R/W;;;;~
;;;;;;reg_clk_sync_cg_bypass;[11];1'b0;R/W;;;;~
;;;;;;reg_clk_agc_cg_bypass;[10];1'b0;R/W;;;;~
;;;;;;reg_clk_cca_cg_bypass;[9];1'b0;R/W;;;;~
;;;;;;reg_clk_dfe_cg_bypass;[8];1'b0;R/W;;;;~
;;;;;;reg_clk_11b_cg_bypass;[7];1'b0;R/W;;;;~
;;;;;;reg_rst_dfs_cg_bypass;[6];1'b0;R/W;;;;~
;;;;;;reg_rst_rx_cg_bypass;[5];1'b0;R/W;;;;~
;;;;;;reg_rst_sync_cg_bypass;[4];1'b0;R/W;;;;~
;;;;;;reg_rst_agc_cg_bypass;[3];1'b0;R/W;;;;~
;;;;;;reg_rst_cca_cg_bypass;[2];1'b0;R/W;;;;~
;;;;;;reg_rst_dfe_cg_bypass;[1];1'b0;R/W;;;;~
;;;;;;reg_rst_11b_cg_bypass;[0];1'b0;R/W;;;;~
0x0008;AGC_CONF0;pclk;reset_n;;;;[31:27];5'h0;RO;;;;
;;;;;;reg_agc_fix_gain_mode;[26];1'b0;R/W;;;;~
;;;;;;reg_agc_clk_gain_cg_bypass;[25];1'b0;R/W;;;;~
;;;;;;reg_agc_clk_st_cg_bypass;[24];1'b0;R/W;;;;~
;;;;;;reg_agc_clk_pow_cg_bypass;[23];1'b0;R/W;;;;~
;;;;;;reg_exlna_gain_1c;[22:16];7'h16;R/W;;;;
;;;;;;;[15];1'h0;RO;;;;
;;;;;;reg_exlna_gain_0c;[14:8];7'h6e;R/W;;;;
;;;;;;;[7:1];7'h0;RO;;;;
;;;;;;reg_exlna_used;[0];1'h0;R/W;;;;
0x000C;AGC_CONF1;pclk;reset_n;;;reg_intlna_gain_0c;[31:24];8'hee;R/W;;;;
;;;;;;reg_intlna_gain_1c;[23:16];8'hfa;R/W;;;;
;;;;;;reg_intlna_gain_2c;[15:8];8'h6;R/W;;;;
;;;;;;reg_intlna_gain_3c;[7:0];8'h12;R/W;;;;
0x0010;AGC_CONF2;pclk;reset_n;;;reg_intlna_gain_4c;[31:24];8'h1e;R/W;;;;
;;;;;;reg_intlna_gain_5c;[23:16];8'h2a;R/W;;;;
;;;;;;reg_intlna_gain_6c;[15:8];8'h36;R/W;;;;
;;;;;;reg_intlna_gain_7c;[7:0];8'h42;R/W;;;;
0x0014;AGC_CONF3;pclk;reset_n;;;reg_intlna_switch_0c;[31:24];8'hf0;R/W;;;;
;;;;;;reg_intlna_switch_1c;[23:16];8'hec;R/W;;;;
;;;;;;reg_intlna_switch_2c;[15:8];8'he7;R/W;;;;
;;;;;;reg_intlna_switch_3c;[7:0];8'he1;R/W;;;;
0x0018;AGC_CONF4;pclk;reset_n;;;reg_exlna_switch;[31:24];8'he0;R/W;;;;
;;;;;;reg_intlna_switch_4c;[23:16];8'hdb;R/W;;;;
;;;;;;reg_intlna_switch_5c;[15:8];8'hd5;R/W;;;;
;;;;;;reg_intlna_switch_6c;[7:0];8'hd2;R/W;;;;
0x001C;AGC_CONF5;pclk;reset_n;;;;[31:24];8'h0;RO;;;;
;;;;;;reg_intlna_part2_gain_0c;[23:18];6'he;R/W;;;;
;;;;;;reg_intlna_part2_gain_1c;[17:12];6'h1a;R/W;;;;
;;;;;;reg_intlna_part2_gain_2c;[11:6];6'h1a;R/W;;;;
;;;;;;reg_intlna_part2_gain_3c;[5:0];6'h1a;R/W;;;;
0x0020;AGC_CONF6;pclk;reset_n;;;;[31:24];8'h0;RO;;;;
;;;;;;reg_intlna_part2_gain_4c;[23:18];6'h1a;R/W;;;;
;;;;;;reg_intlna_part2_gain_5c;[17:12];6'h1a;R/W;;;;
;;;;;;reg_intlna_part2_gain_6c;[11:6];6'h1a;R/W;;;;
;;;;;;reg_intlna_part2_gain_7c;[5:0];6'h26;R/W;;;;
0x0024;AGC_CONF7;pclk;reset_n;;;;[31:18];14'h0;RO;;;;
;;;;;;reg_data_path_adc_gain;[17:9];9'h1a0;R/W;;;;
;;;;;;reg_pdet_path_adc_gain;[8:0];9'h17c;R/W;;;;
0x0028;AGC_CONF8;pclk;reset_n;;;;[31:24];8'h0;RO;;;;
;;;;;;reg_min_vga_gain;[23:18];6'h3b;R/W;;;;
;;;;;;reg_max_vga_gain;[17:12];6'h14;R/W;;;;
;;;;;;reg_data_path_gain_offset;[11:6];6'h38;R/W;;;;
;;;;;;reg_pdet_path_gain_offset;[5:0];6'h2c;R/W;;;;
0x002C;AGC_CONF9;pclk;reset_n;;;;[31:25];8'h0;RO;;;;
;;;;;;reg_pow_est_2x;[24];1'h1;R/W;;;;
;;;;;;reg_pow_est_coarse;[23:18];6'h10;R/W;;;;
;;;;;;reg_pow_est_fine;[17:12];6'h10;R/W;;;;
;;;;;;reg_pow_est_tracking;[11:6];6'h10;R/W;;;;
;;;;;;reg_pow_est_htstf;[5:0];6'h10;R/W;;;;
0x0030;AGC_CONF10;pclk;reset_n;;;;[31:28];4'h0;RO;;;;
;;;;;;reg_sau_num_b4ltf_th;[27:23];5'h5;R/W;;;;
;;;;;;reg_sau_b4ltf_win;[22:18];5'h8;R/W;;;;
;;;;;;reg_sat_val_atltf_th;[17:10];8'h6e;R/W;;;;
;;;;;;reg_sau_num_atltf_th;[9:5];5'h5;R/W;;;;
;;;;;;reg_sau_atltf_win;[4:0];5'h8;R/W;;;;
0x0034;AGC_SAU_AT_STF;pclk;reset_n;;;;[31:27];5'h0;RO;;;;
;;;;;;reg_pk_pow_diff_max;[26:18];9'd30;R/W;;;;
;;;;;;reg_sat_val_atstf_th;[17:10];8'h50;R/W;;;;
;;;;;;reg_sau_num_atstf_th;[9:5];5'h5;R/W;;;;
;;;;;;reg_sau_atstf_win;[4:0];5'h8;R/W;;;;
0x0038;AGC_CONF11;pclk;reset_n;;;;[31:24];4'h0;RO;;;;
;;;;;;reg_sat_unlock_th4ltf;[23:22];2'h1;R/W;;;;
;;;;;;reg_gain_drop_fir;[21:15];7'h3c;R/W;;;;
;;;;;;reg_gain_drop_sec;[14:8];7'h46;R/W;;;;
;;;;;;reg_sat_val_b4ltf_th;[7:0];8'h50;R/W;;;;
0x003C;AGC_CONF12;pclk;reset_n;;;;[31];1'h0;RO;;;;
;;;;;;reg_adj_times_trackrf_ud;[30:29];2'h2;R/W;;;;
;;;;;;reg_adj_times_track2_fine;[28:27];2'h0;R/W;;;;
;;;;;;reg_adj_times_track2_coarse;[26];1'h1;R/W;;;;
;;;;;;reg_skip_fine;[25];1'h0;R/W;;;;
;;;;;;reg_max_times_agc_coarse;[24:23];2'h1;R/W;;;;
;;;;;;reg_max_times_agc_fine;[22:21];2'h1;R/W;;;;
;;;;;;reg_time_2_sta_htstf_measure;[20:15];6'h4;R/W;;;;
;;;;;;reg_exlna_time;[14:10];5'h14;R/W;;;;
;;;;;;reg_intlna_time;[9:5];5'h14;R/W;;;;
;;;;;;reg_vga_time;[4:0];5'h8;R/W;;;;
0x0040;AGC_CONF13;pclk;reset_n;;;;[31:23];9'h0;RO;;;;
;;;;;;reg_rf_gain_offset;[22:17];6'd10;R/W;;;;~
;;;;;;reg_max_times_agc_htstf;[16:14];3'h1;R/W;;;;
;;;;;;reg_agc_ctrl_target_db;[13:7];7'h6c;R/W;;;;
;;;;;;reg_htstf_agc_target;[6:0];7'h6c;R/W;;;;
0x0044;AGC_CONF14;pclk;reset_n;;;;[31:14];18'h0;RO;;;;
;;;;;;reg_agc_rst_pkt_end_dly;[13:8];6'h14;R/W;;;;~
;;;;;;reg_agc_unlkth_lockpwr;[7:0];8'hb0;R/W;;;;
0x0048;AGC_CONF15;pclk;reset_n;;;;[31:27];4'h0;RO;;;;
;;;;;;reg_adc_tgt_unlk_upth_atb4stf_det_flag;[26:18];9'hc8;R/W;;;;
;;;;;;reg_adc_tgt_unlk_lowth_atb4stf_det_flag;[17:9];9'h138;R/W;;;;
;;;;;;reg_adc_tgt_unlk_upth_atb4stf_det2_flag;[8:0];9'hc8;R/W;;;;
0x004C;AGC_CONF16;pclk;reset_n;;;;[31:27];4'h0;RO;;;;
;;;;;;reg_adc_tgt_unlk_lowth_atb4stf_det2_flag;[26:18];9'h138;R/W;;;;
;;;;;;reg_adc_tgt_unlk_upth_atstf_det_flag;[17:9];9'hc8;R/W;;;;
;;;;;;reg_adc_tgt_unlk_lowth_atstf_det_flag;[8:0];9'h138;R/W;;;;
0x0050;AGC_CONF17;pclk;reset_n;;;;[31:27];4'h0;RO;;;;
;;;;;;reg_adc_tgt_unlk_upth_atltf_det_flag;[26:18];9'hc8;R/W;;;;
;;;;;;reg_adc_tgt_unlk_lowth_atltf_det_flag;[17:9];9'h138;R/W;;;;
;;;;;;reg_pk_pow_unlk_upth_atb4stf_det_flag;[8:0];9'h12;R/W;;;;
0x0054;AGC_CONF18;pclk;reset_n;;;;[31:27];4'h0;RO;;;;
;;;;;;reg_pk_pow_unlk_lowth_atb4stf_det_flag;[26:18];9'h1ee;R/W;;;;
;;;;;;reg_pk_pow_unlk_upth_atb4stf_det2_flag;[17:9];9'hc;R/W;;;;
;;;;;;reg_pk_pow_unlk_lowth_atb4stf_det2_flag;[8:0];9'h1f4;R/W;;;;
0x0058;AGC_CONF19;pclk;reset_n;;;;[31:27];4'h0;RO;;;;
;;;;;;reg_pk_pow_unlk_upth_atstf_det_flag;[26:18];9'hc8;R/W;;;;
;;;;;;reg_pk_pow_unlk_lowth_atstf_det_flag;[17:9];9'h138;R/W;;;;
;;;;;;reg_pk_pow_unlk_upth_atltf_det_flag;[8:0];9'hc8;R/W;;;;
0x005C;AGC_CONF20;pclk;reset_n;;;;[31:27];4'h0;RO;;;;
;;;;;;reg_pk_pow_unlk_lowth_atltf_det_flag;[26:18];9'h138;R/W;;;;
;;;;;;reg_pow_unlk_upth_atb4stf_det_flag;[17:9];9'hc;R/W;;;;
;;;;;;reg_pow_unlk_lowth_atb4stf_det_flag;[8:0];9'h1ee;R/W;;;;
0x0060;AGC_CONF21;pclk;reset_n;;;;[31:27];4'h0;RO;;;;
;;;;;;reg_pow_unlk_upth_atb4stf_det2_flag;[26:18];9'h6;R/W;;;;
;;;;;;reg_pow_unlk_lowth_atb4stf_det2_flag;[17:9];9'h1f4;R/W;;;;
;;;;;;reg_pow_unlk_upth_atstf_det_flag;[8:0];9'h14;R/W;;;;
0x0064;AGC_CONF22;pclk;reset_n;;;;[31:27];4'h0;RO;;;;
;;;;;;reg_pow_unlk_lowth_atstf_det_flag;[26:18];9'h1ec;R/W;;;;
;;;;;;reg_pow_unlk_upth_atltf_det_flag;[17:9];9'h28;R/W;;;;
;;;;;;reg_pow_unlk_lowth_atltf_det_flag;[8:0];9'h1d8;R/W;;;;
0x0068;AGC_CONF23;pclk;reset_n;;;reg_fir_pow_unlk_upth_atb4stf_det_flag;[31:24];8'd12;R/W;;;;
;;;;;;reg_fir_pow_unlk_lowth_atb4stf_det_flag;[23:16];8'hee;R/W;;;;
;;;;;;reg_fir_pow_unlk_upth_atb4stf_det2_flag;[15:8];8'h6;R/W;;;;
;;;;;;reg_fir_pow_unlk_lowth_atb4stf_det2_flag;[7:0];8'hf4;R/W;;;;
0x006C;AGC_CONF24;pclk;reset_n;;;reg_fir_pow_unlk_upth_atstf_det_flag;[31:24];8'h14;R/W;;;;
;;;;;;reg_fir_pow_unlk_lowth_atstf_det_flag;[23:16];8'hec;R/W;;;;
;;;;;;reg_fir_pow_unlk_upth_atltf_det_flag;[15:8];8'h28;R/W;;;;
;;;;;;reg_fir_pow_unlk_lowth_atltf_det_flag;[7:0];8'hd8;R/W;;;;
0x0070;AGC_FIR_POW_JUMP0;pclk;reset_n;;;reg_fir_jump_unlk_upth_atb4stf_det_flag;[31:24];8'h64;R/W;;;;
;;;;;;reg_fir_jump_unlk_lowth_atb4stf_det_flag;[23:16];8'h9c;R/W;;;;
;;;;;;reg_fir_jump_unlk_upth_atb4stf_det2_flag;[15:8];8'h64;R/W;;;;
;;;;;;reg_fir_jump_unlk_lowth_atb4stf_det2_flag;[7:0];8'h9c;R/W;;;;
0x0074;AGC_FIR_POW_JUMP1;pclk;reset_n;;;reg_fir_jump_unlk_upth_atstf_det_flag;[31:24];8'h64;R/W;;;;
;;;;;;reg_fir_jump_unlk_lowth_atstf_det_flag;[23:16];8'h9c;R/W;;;;
;;;;;;reg_fir_jump_unlk_upth_atltf_det_flag;[15:8];8'h64;R/W;;;;
;;;;;;reg_fir_jump_unlk_lowth_atltf_det_flag;[7:0];8'h9c;R/W;;;;
0x0078;AGC_PEAK_DET;pclk;reset_n;;;;[31];1'h0;RO;;;;
;;;;;;reg_peak_peak_det_comp_0ch;[30:21];10'd0;R/W;;;;
;;;;;;reg_peak_peak_det_coef;[20:11];10'd128;R/W;;;;
;;;;;;reg_peak_peak_det_offset;[10:0];11'd0;R/W;;;;
0x007C;AGC_CONF25;pclk;reset_n;;;;[31:30];2'h0;RO;;;;
;;;;;;reg_peak_unreliable_val;[29:24];6'h6;R/W;;;;
;;;;;;reg_fir_jump_cnt;[23:22];2'h0;R/W;;;;~
;;;;;;reg_fir_pow_ref;[21];1'h1;R/W;;;;~
;;;;;;reg_sat_skip_fine;[20];1'h0;R/W;;;;~
;;;;;;reg_cond_fir_jump_en;[19];1'h0;R/W;;;;~
;;;;;;reg_tracking_2_coarse_en;[18];1'h0;R/W;;;;~
;;;;;;reg_agc_fir_tran_win_cnt;[17:13];5'h2;R/W;;;;
;;;;;;reg_firpow_replace_adc_pow;[12];1'h1;R/W;;;;
;;;;;;reg_noise_ext_lna_code;[11];1'h1;R/W;;;;
;;;;;;reg_noise_int_lna_code;[10:8];3'h7;R/W;;;;
;;;;;;reg_noise_vga_code;[7:2];6'h19;R/W;;;;
;;;;;;reg_peak_det_used;[1];1'h0;R/W;;;;
;;;;;;reg_agc_frz_afltf;[0];1'h0;R/W;;;;
0x0080;AGC_CONF26;pclk;reset_n;;;;[31:28];4'h0;RO;;;;
;;;;;;reg_agc_fir_used;[27];1'h1;R/W;;;;
;;;;;;reg_min_vga_gain_pdet;[26:21];6'h4;R/W;;;;
;;;;;;reg_max_vga_gain_pdet;[20:15];6'h14;R/W;;;;
;;;;;;reg_default_vga_gain_pdet;[14:10];5'h2;R/W;;;;
;;;;;;reg_aci_scenario_en;[9];1'h0;R/W;;;;
;;;;;;reg_aci_scenario_pow;[8:0];9'h18;R/W;;;;~
0x0084;AGC_CONF27;pclk;reset_n;;;;[31:30];2'h0;RO;;;;
;;;;;;reg_sau_val_b4ltf_th_pdet;[29:20];10'd666;R/W;;;;
;;;;;;reg_sau_num_b4ltf_th_pdet;[19:15];5'h3;R/W;;;;
;;;;;;reg_sau_val_atltf_th_pdet;[14:5];10'd666;R/W;;;;
;;;;;;reg_sau_num_atltf_th_pdet;[4:0];5'h3;R/W;;;;
0x0088;AGC_CONF29;pclk;reset_n;;;;[31:30];2'h0;RO;;;;
;;;;;;reg_peak_pow_bigger;[29:20];10'd10;R/W;;;;
;;;;;;reg_vld_vga_code_min_0c;[19:15];5'h0;R/W;;;;
;;;;;;reg_vld_vga_code_min_1c;[14:10];5'h3;R/W;;;;
;;;;;;reg_vld_vga_code_min_2c;[9:5];5'h3;R/W;;;;
;;;;;;reg_vld_vga_code_min_3c;[4:0];5'h3;R/W;;;;
0x008C;AGC_CONF30;pclk;reset_n;;;;[31:30];2'h0;RO;;;;
;;;;;;reg_peak_peak_det_comp_1ch;[29:20];10'd0;R/W;;;;
;;;;;;reg_vld_vga_code_min_4c;[19:15];5'h3;R/W;;;;
;;;;;;reg_vld_vga_code_min_5c;[14:10];5'h3;R/W;;;;
;;;;;;reg_vld_vga_code_min_6c;[9:5];5'h3;R/W;;;;
;;;;;;reg_vld_vga_code_min_7c;[4:0];5'h0;R/W;;;;
0x0090;AGC_CONF31;pclk;reset_n;;;;[31:30];2'h0;RO;;;;
;;;;;;reg_vld_vga_code_range_7c;[29:24];6'd26;R/W;;;;
;;;;;;reg_vld_vga_code_range_0c;[23:18];6'd13;R/W;;;;
;;;;;;reg_vld_vga_code_range_1c;[17:12];6'd10;R/W;;;;
;;;;;;reg_vld_vga_code_range_2c;[11:6];6'd10;R/W;;;;
;;;;;;reg_vld_vga_code_range_3c;[5:0];6'd13;R/W;;;;
0x0094;AGC_CONF32;pclk;reset_n;;;;[31];1'h0;RO;;;;
;;;;;;reg_pin_trk_unlock_smallvga_th;[30:25];6'd23;R/W;;;;
;;;;;;reg_diff_b4_lna;[24];1'h0;R/W;;;;
;;;;;;reg_diff_b4_adc;[23];1'h0;R/W;;;;
;;;;;;reg_diff_tg_adc;[22];1'h0;R/W;;;;
;;;;;;reg_diff_fir;[21];1'h0;R/W;;;;
;;;;;;reg_diff_fir_last;[20];1'h0;R/W;;;;
;;;;;;reg_vld_vga_code_range_4c;[19:14];6'd13;R/W;;;;
;;;;;;reg_vld_vga_code_range_5c;[13:8];6'd19;R/W;;;;
;;;;;;reg_vld_vga_code_range_6c;[7:2];6'd23;R/W;;;;
;;;;;;reg_htstf_agc_en;[1];1'h1;R/W;;;;
;;;;;;reg_agc_frame_dc_en;[0];1'h1;R/W;;;;
0x0098;AGC_CONF33;pclk;reset_n;;;;[31:27];4'h0;RO;;;;
;;;;;;reg_tran_time_dfs;[26:18];9'd20;R/W;;;;
;;;;;;reg_high_gain_idx_dfs;[17:9];9'd207;R/W;;;;
;;;;;;reg_low_gain_idx_dfs;[8:0];9'd77;R/W;;;;
0x009C;AGC_CONF34;pclk;reset_n;;;;[31:26];6'h0;RO;;;;
;;;;;;reg_cca_ant_chg_th;[25:18];8'd3;R/W;;;;~
;;;;;;reg_tran_time_cca_bitmap;[17:9];9'd20;R/W;;;;
;;;;;;reg_gain_idx_cca_bitmap;[8:0];9'd234;R/W;;;;~
0x00A0;AGC_CONF35;pclk;reset_n;;;reg_noise_floor;[31:24];8'h88;R/W;;;;
;;;;;;reg_cca_rx_switch_powdiff;[23:16];8'd10;R/W;;;;
;;;;;;reg_cca_en_pow_b41na;[15:8];8'd136;R/W;;;;
;;;;;;reg_cca_en_pow_ltf_det;[7:0];8'hab;R/W;;;;
0x00A4;AGC_PEAK_POW_DIFF;pclk;reset_n;;;reg_pk_pow_aci_delta_2c;[31:24];8'd18;R/W;;;;
;;;;;;reg_pk_pow_diff_th_2c;[23:16];8'd18;R/W;;;;
;;;;;;reg_pk_pow_diff_th_1c;[15:8];8'd12;R/W;;;;
;;;;;;reg_pk_pow_diff_th_0c;[7:0];8'd6;R/W;;;;
0x00A8;AGC_PEAK_POW_ACI_DIFF;pclk;reset_n;;;;[31];1'b0;R/W;;;;
;;;;;;reg_unlk_check_force_inband;[30];1'b0;R/W;;;;
;;;;;;reg_pk_ajst_lna_only;[29];1'b0;R/W;;;;
;;;;;;reg_pk_pow_diff_scal;[28:24];5'd16;R/W;;;;
;;;;;;reg_exlna_fix_delta;[23:16];8'd0;R/W;;;;
;;;;;;reg_pk_pow_aci_delta_1c;[15:8];8'd12;R/W;;;;
;;;;;;reg_pk_pow_aci_delta_0c;[7:0];8'd6;R/W;;;;
0x00AC;AGC_ECO;pclk;reset_n;;;reg_agc_reserve;[31:0];32'h0;R/W;;;;~
0x00B0;DFE_CG_CONF;pclk;reset_n;;;;[31:6];26'h0;RO;;;;
;;;;;;reg_sync_path_cg_bypass;[5];1'h0;R/W;;;;~
;;;;;;reg_ch_sel_cg_bypass;[4];1'h0;R/W;;;;~
;;;;;;reg_rx_dfe_phymode_x4_cg_bypass;[3];1'h0;R/W;;;;~
;;;;;;reg_dfe_iqcomb_cg_bypass;[2];1'h0;R/W;;;;~
;;;;;;reg_datapath_ch_sel_cg_bypass;[1];1'h0;R/W;;;;~
;;;;;;reg_frame_dc_cg_bypass;[0];1'h0;R/W;;;;~
0x00B4;DFE_CONF0;pclk;reset_n;;;;[31:26];6'h0;RO;;;;
;;;;;;reg_iq_dpd_off_aci;[25];1'b0;R/W;;;;
;;;;;;reg_aci_fir_en;[24];1'b0;R/W;;;;
;;;;;;reg_160m_he_aci_fir_en;[23];1'b0;R/W;;;;
;;;;;;reg_notch_work_at_40m;[22];1'b0;R/W;;;;
;;;;;;reg_rx_dfe_input_skip;[21:16];6'd0;R/W;;;;
;;;;;;reg_rx_dfe_input_skip_en;[15];1'b0;R/W;;;;
;;;;;;reg_off_sync_dc_est_when_coarse_timing_found_en;[14];1'b0;R/W;;;;
;;;;;;reg_rx_sco_bypass;[13];1'h0;R/W;;;;
;;;;;;reg_iq_comp_en;[12];1'h1;R/W;;;;
;;;;;;reg_fft_win_adj_pre;[11:7];5'd2;R/W;;;;~
;;;;;;reg_adc_2x_aci_filter_sel;[6];1'h0;R/W;;;;
;;;;;;reg_rxdfe_force_data_on;[5];1'h0;R/W;;;;~
;;;;;;reg_rx_cfo_bypass;[4];1'h0;R/W;;;;
;;;;;;reg_coarse_phase_2_sco_bypass;[3];1'h0;R/W;;;;~
;;;;;;reg_data_cic_comp_on;[2];1'h1;R/W;;;;~
;;;;;;reg_cca_ciccomp_on;[1];1'h1;R/W;;;;~
;;;;;;reg_sync_ciccomp_on;[0];1'h1;R/W;;;;~
0x00B8;DFE_CONF1;pclk;reset_n;;;;[31:23];9'h0;RO;;;;
;;;;;;reg_hltf_fftwin_adj_en;[22];1'b0;R/W;;;;
;;;;;;reg_fft_win_normalgi;[21:17];5'd8;R/W;;;;
;;;;;;reg_fft_win_double_gi;[16:12];5'd16;R/W;;;;
;;;;;;reg_fft_win_quadruple_gi;[11:6];6'd32;R/W;;;;
;;;;;;reg_fft_win_short_gi;[5:0];6'd4;R/W;;;;
0x00BC;DFE_CONF2;pclk;reset_n;;;;[31:28];4'h0;RO;;;;
;;;;;;reg_cca_pkt_adj_dotb;[27:21];7'd0;R/W;;;;
;;;;;;reg_cca_pkt_adj_ofdm;[20:14];7'd0;R/W;;;;
;;;;;;reg_sco_up_sample_en;[13];1'b1;R/W;;;;~
;;;;;;reg_data_sync_dly;[12:7];6'd16;R/W;;;;~
;;;;;;reg_agc_strame_frez;[6];1'h0;R/W;;;;~
;;;;;;reg_force_freq_zero;[5];1'h0;R/W;;;;~
;;;;;;reg_dc_preambledc_forcecomp_en;[4];1'h0;R/W;;;;
;;;;;;reg_dc_syncdc_forcecomp_en;[3];1'h0;R/W;;;;
;;;;;;reg_ppm_offset_inc_en;[2];1'h0;R/W;;;;
;;;;;;reg_refine_phase_sco_bypass;[1];1'h0;R/W;;;;
;;;;;;reg_coarse_phase_sco_bypass;[0];1'h0;R/W;;;;
0x00C0;DFE_CONF4;pclk;reset_n;;;reg_dc_est_sync_rst_th;[31:24];8'd178;R/W;;;;~
;;;;;;reg_length_track_delta_nonht_ofdm;[23:18];6'd0;R/W;;;;~
;;;;;;reg_length_track_delta_ht_mf;[17:12];6'd0;R/W;;;;~
;;;;;;reg_length_track_delta_vht;[11:6];6'd0;R/W;;;;~
;;;;;;reg_length_track_delta_he;[5:0];6'd0;R/W;;;;~
0x00C4;DFE_CONF5;pclk;reset_n;;;;[31:25];7'h0;RO;;;;
;;;;;;reg_rxdc_comp_on;[24];1'h1;R/W;;;;
;;;;;;reg_dc_interframe_update;[23];1'h1;R/W;;;;
;;;;;;reg_virtual_dc_en;[22];1'd0;R/W;;;;
;;;;;;reg_dc_comp_en;[21];1'd1;R/W;;;;
;;;;;;reg_dc_comp_algo_select;[20:19];2'd2;R/W;;;;
;;;;;;reg_dc_sync_dc_comp_en;[18];1'd1;R/W;;;;
;;;;;;reg_dc_htstf_symidx;[17:9];9'h1ff;R/W;;;;~
;;;;;;reg_dc_data_symidx;[8:0];9'h9;R/W;;;;~
0x00C8;DFE_CONF6;pclk;reset_n;;;;[31];1'h0;RO;;;;
;;;;;;reg_rf_test_en;[30];1'h0;R/W;;;;~
;;;;;;reg_rx_frame_dc_stat_clr;[29];1'h0;R/W;;;;~
;;;;;;reg_dc_frame_comp_en;[28];1'h1;R/W;;;;
;;;;;;reg_dc_est_sync_num;[27:23];5'd16;R/W;;;;
;;;;;;reg_dc_frame_dc_est;[22];1'h1;R/W;;;;
;;;;;;reg_dc_sync_alpha;[21:15];7'd64;R/W;;;;
;;;;;;reg_dc_frame_dc_alpha;[14:8];7'd16;R/W;;;;
;;;;;;reg_dc_frame_dc_preamble_alpha;[7:1];7'd16;R/W;;;;
;;;;;;reg_dc_htstf_force_flag;[0];1'h0;R/W;;;;~
0x00CC;DFE_CONF7;pclk;reset_n;;;;[31:25];7'h0;RO;;;;
;;;;;;reg_11b_overtime_thre;[24:23];2'd3;R/W;;;;~
;;;;;;reg_ofdm_overtime_thre;[22:21];2'd2;R/W;;;;~
;;;;;;reg_rx_save_mode;[20];1'd0;R/W;;;;
;;;;;;reg_rx_save_mode_active_rx;[19:18];2'd0;R/W;;;;
;;;;;;reg_rxsave_mode_power_onth_low;[17:9];9'h1b0;R/W;;;;
;;;;;;reg_rx_save_mode_power_onth_high;[8:0];9'h1fb;R/W;;;;
0x00D0;DFE_CONF8;pclk;reset_n;;;reg_fine_tim_dly_phy160;[31:26];6'h0;R/W;;;;
;;;;;;reg_sync_freq2_freq_factor;[25:13];13'd4096;R/W;;;;
;;;;;;reg_mode80plus_mod_freq_convert;[12:0];13'h0;R/W;;;;~
0x00D4;DFE_CONF9;pclk;reset_n;;;reg_fine_tim_dly_phy80;[31:26];6'h0;R/W;;;;
;;;;;;reg_fine_tim_dly_phy40;[25:20];6'h0;R/W;;;;
;;;;;;reg_ppm_conv_factor;[19:0];20'd4152;R/W;;;;
0x00D8;DFE_CONF10;pclk;reset_n;;;reg_bw_chg_dly_start;[31:24];8'd0;R/W;;;;~
;;;;;;reg_bw_chg_dly_htstf;[23:16];8'd0;R/W;;;;~
;;;;;;reg_sym4_dly_phy20;[15:8];8'd0;R/W;;;;~
;;;;;;reg_fine_tim_dly_phy20;[7:0];8'd0;R/W;;;;~
0x00DC;DFE_CONF11;pclk;reset_n;;;reg_gi_combine_en;[31];1'd1;R/W;;;;
;;;;;;reg_gi_combine_start_sym_idx;[30:20];11'd0;R/W;;;;
;;;;;;reg_gi_combine_blocked_mcs;[19:16];4'd8;R/W;;;;
;;;;;;reg_gi_combin_shift;[15:8];8'd0;R/W;;;;
;;;;;;reg_rx_puncture_en;[7];1'd1;R/W;;;;
;;;;;;reg_gi_combin_off2_bk;[6];1'd0;R/W;;;;
;;;;;;reg_rushift_force_disen_rxpunc_en;[5];1'd0;R/W;;;;
;;;;;;reg_sync_lpf_en;[4];1'd1;R/W;;;;
;;;;;;reg_coarse_phase_rpt2mac_en;[3];1'd1;R/W;;;;
;;;;;;reg_fine_phase_rpt2mac_en;[2];1'd1;R/W;;;;
;;;;;;reg_sig_phase_rpt2mac_en;[1];1'd1;R/W;;;;
;;;;;;reg_refinedata_phase_rpt2mac_en;[0];1'd1;R/W;;;;
0x00E0;DFE_CONF_PUNC;pclk;reset_n;;;;[31];1'd0;RO;;;;
;;;;;;reg_heltf_fine_tim_dly_bw_chg3;[30:25];6'd0;R/W;;;;
;;;;;;reg_heltf_fine_tim_dly_bw_chg2;[24:19];6'd0;R/W;;;;
;;;;;;reg_heltf_fine_tim_dly_bw_chg1;[18:13];6'd0;R/W;;;;
;;;;;;reg_single_tone_notch_en_max_vga_code_th;[12:7];6'd0;R/W;;;;
;;;;;;reg_rx_he_puncture_en;[6];1'd1;R/W;;;;
;;;;;;reg_rx_tb_puncture_en;[5];1'd1;R/W;;;;
;;;;;;reg_pcnture_enable_by_vga_code;[4:0];5'd23;R/W;;;;
0x00E4;DFE_TB_COUNT;pclk;reset_n;;;reg_tb_cnt_rzv;[31:0];32'd0;R/W;;;;
0x00E8;DFE_FREQ_SHIFT_TH;pclk;reset_n;;;;[31:22];10'd0;RO;;;;
;;;;;;reg_pri20_phase_chg_by_mixer;[21:14];8'd0;R/W;;;;
;;;;;;reg_use_sync_dc_for_data_path_th_khz;[13:6];8'd200;R/W;;;;
;;;;;;reg_freqoffset_threshold;[5:0];6'd2;R/W;;;;
0x00EC;DFE_FRM_DC_I;pclk;reset_n;;;;[31];1'd0;RO;;;;
;;;;;;reg_framedc_mem_wr_data_i;[30:19];12'd0;R/W;;;;~
;;;;;;reg_framedc_mem_rd_data_i;[18:0];19'd0;RO;;;;~
0x00F0;DFE_FRM_DC_Q;pclk;reset_n;;;;[31];1'd0;RO;;;;
;;;;;;reg_framedc_mem_wr_data_q;[30:19];12'd0;R/W;;;;~
;;;;;;reg_framedc_mem_rd_data_q;[18:0];19'd0;RO;;;;~
0x00F4;DFE_PPM_INC;pclk;reset_n;;;reg_mixer_pre_freq_ppm;[31:16];16'd0;R/W;;;;
;;;;;;reg_ppm_offset_inc;[15:0];16'd0;R/W;;;;
0x00F8;DFE_FRM_DC_CTRL;pclk;reset_n;;;;[31:25];19'd0;RO;;;;
;;;;;;reg_fft_win_left_th;[24:19];6'h38;R/W;;;;
;;;;;;reg_fft_win_rigth_th;[18:13];6'h8;R/W;;;;
;;;;;;reg_framedc_mem_addr;[12:5];8'd0;R/W;;;;~
;;;;;;reg_framedc_mem_rd_en;[4];1'h0;R/W;;;;~
;;;;;;reg_framedc_mem_wr_en;[3];1'h0;R/W;;;;~
;;;;;;reg_framedc_mem_cpu_cfg_en;[2:1];2'h0;R/W;;;;~
;;;;;;reg_framedc_mem_init_mode;[0];1'h0;R/W;;;;~
0x00FC;DFE_NOTCH_X01_0CH;pclk;reset_n;;;;[31:22];6'd0;RO;;;;
;;;;;;reg_notch_x0c_0ch;[21:11];11'd493;R/W;;;;
;;;;;;reg_notch_x1c_0ch;[10:0];11'd0;R/W;;;;~
0x0100;DFE_NOTCH_X2_0CH;pclk;reset_n;;;;[31:12];20'd0;RO;;;;
;;;;;;reg_sync_notch_en;[11];1'h0;R/W;;;;
;;;;;;reg_notch_x2c_0ch;[10:0];11'd493;R/W;;;;
0x0104;DFE_NOTCH_Y_0CH;pclk;reset_n;;;;[31:30];2'b0;RO;;;;~
;;;;;;reg_notch_y0c_0ch;[29:15];15'h0;R/W;;;;~
;;;;;;reg_notch_y1c_0ch;[14:0];15'd7573;R/W;;;;~
0x0108;DFE_NOTCH_X01_1CH;pclk;reset_n;;;;[31:22];6'd0;RO;;;;
;;;;;;reg_notch_x0c_1ch;[21:11];11'd493;R/W;;;;
;;;;;;reg_notch_x1c_1ch;[10:0];11'd0;R/W;;;;~
0x010C;DFE_NOTCH_X2_1CH;pclk;reset_n;;;;[31:11];21'd0;RO;;;;
;;;;;;reg_notch_x2c_1ch;[10:0];11'd493;R/W;;;;
0x0110;DFE_NOTCH_Y_1CH;pclk;reset_n;;;;[31:30];2'b0;RO;;;;~
;;;;;;reg_notch_y0c_1ch;[29:15];15'h0;R/W;;;;~
;;;;;;reg_notch_y1c_1ch;[14:0];15'd7573;R/W;;;;~
0x0114;DFE_RPT0;pclk;reset_n;;;;[31:6];28'd;RO;;;;
;;;;;;reg_iq_coef_init_enable;[5];1'h1;R/W;;;;~
;;;;;;reg_iq_train_ref_dly_sel;[4];1'h1;R/W;;;;~
;;;;;;reg_iq_train_data_phase;[3];1'h0;RO;;;;~
;;;;;;reg_iq_coef_train_done_ch0;[2];1'h0;RO;;;;~
;;;;;;reg_iq_coef_train_done_ch1;[1];1'h0;RO;;;;~
;;;;;;reg_iir_train_done;[0];1'h0;RO;;;;~
0x0118;SYNC_CONF0;pclk;reset_n;;;;[31:29];3'd0;RO;;;;
;;;;;;reg_dagc_enable;[28];1'd1;R/W;;;;
;;;;;;reg_sync_skip_cnt;[27:22];6'd56;R/W;;;;
;;;;;;reg_dagc_fixed_th;[21:17];5'd12;R/W;;;;
;;;;;;reg_pwr_surge_th;[16:11];6'd5;R/W;;;;
;;;;;;reg_pwr_stable_th;[10:5];6'd15;R/W;;;;
;;;;;;reg_pwr_surge_min_th;[4:0];5'd3;R/W;;;;
0x011C;SYNC_CONF1;pclk;reset_n;;;reg_stf_acorr_mrc_mode;[31];1'd1;R/W;;;;
;;;;;;reg_stf_xcorr_th_low;[30:20];11'd75;R/W;;;;
;;;;;;reg_stf_bound_scale_low;[19:16];4'd7;R/W;;;;
;;;;;;reg_stf_peak_span_low;[15:8];8'd128;R/W;;;;
;;;;;;reg_ltf_det_wait_span_low;[7:0];8'd96;R/W;;;;
0x0120;SYNC_CONF2;pclk;reset_n;;;;[31:15];17'd0;RO;;;;
;;;;;;reg_post_ltf_peak_search_span_low;[14:9];6'd16;R/W;;;;
;;;;;;reg_stf_peak_to_ltf_peak_span_low;[8:0];9'd240;R/W;;;;
0x0124;SYNC_CONF3;pclk;reset_n;;;;[31:14];18'd0;RO;;;;
;;;;;;reg_fine_timing_span_low;[13:6];8'd80;R/W;;;;
;;;;;;reg_ltf_relative_th_low;[5:0];6'd8;R/W;;;;
0x0128;SYNC_CONF4;pclk;reset_n;;;;[31:14];18'd0;RO;;;;
;;;;;;reg_stf_revert_low;[13];1'd1;R/W;;;;
;;;;;;reg_stf_xcorr_len_low;[12:9];4'd3;R/W;;;;
;;;;;;reg_stf_xcorr_abs_len_low;[8:7];2'd3;R/W;;;;
;;;;;;reg_stf_acorr_len_low;[6:0];7'd64;R/W;;;;
0x012C;SYNC_CONF5;pclk;reset_n;;;;[31];1'd0;RO;;;;
;;;;;;reg_stf_xcorr_th;[30:20];11'd113;R/W;;;;
;;;;;;reg_stf_bound_scale;[19:16];4'd7;R/W;;;;
;;;;;;reg_stf_peak_span;[15:8];8'd128;R/W;;;;
;;;;;;reg_ltf_det_wait_span;[7:0];8'd96;R/W;;;;
0x0130;SYNC_CONF6;pclk;reset_n;;;;[31:15];17'd0;RO;;;;
;;;;;;reg_post_ltf_peak_search_span;[14:9];6'd16;R/W;;;;
;;;;;;reg_stf_peak_to_ltf_peak_span;[8:0];9'd240;R/W;;;;
0x0134;SYNC_CONF7;pclk;reset_n;;;;[31:14];18'd0;RO;;;;
;;;;;;reg_fine_timing_span;[13:6];8'd80;R/W;;;;
;;;;;;reg_ltf_relative_th;[5:0];6'd8;R/W;;;;
0x0138;SYNC_CONF8;pclk;reset_n;;;;[31:27];6'd0;RO;;;;
;;;;;;reg_stf_revert;[26];1'd1;R/W;;;;
;;;;;;reg_stf_xcorr_len;[25:22];4'd2;R/W;;;;
;;;;;;reg_stf_xcorr_abs_len;[21:20];2'd2;R/W;;;;
;;;;;;reg_stf_acorr_len;[19:13];7'd32;R/W;;;;
;;;;;;reg_min_noise_th;[12:0];13'd20;R/W;;;;
0x013C;SYNC_CONF9;pclk;reset_n;;;reg_stf_auto_lowsnr_adjust;[31:29];3'd4;R/W;;;;
;;;;;;reg_shift_bit_1_high;[28:25];4'd7;R/W;;;;
;;;;;;reg_stf_auto_lowsnr_norm_en;[24];1'd1;R/W;;;;
;;;;;;reg_coarse_phase_ub_th;[23:12];12'd1007;R/W;;;;
;;;;;;reg_coarse_phase_lb_th;[11:0];12'd3089;R/W;;;;
0x0140;SYNC_CONF10;pclk;reset_n;;;reg_shift_bit_0_high;[31:28];4'd7;R/W;;;;
;;;;;;reg_shift_bit_1_low;[27:24];4'd7;R/W;;;;
;;;;;;reg_coarse_phase_ub_th_low;[23:12];12'd1007;R/W;;;;
;;;;;;reg_coarse_phase_lb_th_low;[11:0];12'd3089;R/W;;;;
0x0144;SYNC_CONF11;pclk;reset_n;;;reg_stf_acorr_th;[31:5];27'd20;R/W;;;;
;;;;;;reg_stf_acorr_cnt;[4:0];5'd10;R/W;;;;
0x0148;SYNC_CONF12;pclk;reset_n;;;reg_stf_acorr_th_low;[31:5];27'd16;R/W;;;;
;;;;;;reg_stf_acorr_cnt_low;[4:0];5'd12;R/W;;;;
0x014C;SYNC_CONF13;pclk;reset_n;;;reg_sync_done_enable;[31];1'd1;R/W;;;;~
;;;;;;reg_shift_bit_0_low;[30:27];4'd7;R/W;;;;
;;;;;;reg_pwr_down_th;[26:21];6'd5;R/W;;;;
;;;;;;reg_pwr_surge_rst_agc_th;[20:11];10'd200;R/W;;;;
;;;;;;reg_pwr_surge_abs_th;[10:0];11'd75;R/W;;;;
0x0150;SYNC_CONF14;pclk;reset_n;;;reg_sync_mode_cfg;[31:30];2'd0;R/W;;;;
;;;;;;reg_ltf_peak_revert_th;[29:26];4'd10;R/W;;;;
;;;;;;reg_stf_revert_th;[25:22];4'd10;R/W;;;;
;;;;;;reg_fine_phase_th;[21:10];12'd200;R/W;;;;
;;;;;;reg_max_ltf_th;[9:0];10'd500;R/W;;;;
0x0154;SYNC_CONF15;pclk;reset_n;;;reg_sync_done_span;[31:23];9'd160;R/W;;;;
;;;;;;reg_rx_sync_det_mode;[22];1'd0;R/W;;;;~
;;;;;;reg_fine_phase_th_low;[21:10];12'd1500;R/W;;;;
;;;;;;reg_max_ltf_th_low;[9:0];10'd300;R/W;;;;
0x0158;SYNC_CONF16;pclk;reset_n;;;;[31:27];5'd0;RO;;;;
;;;;;;reg_stf_acorr_th_2ant;[26:0];27'd30;R/W;;;;
0x015C;SYNC_CONF17;pclk;reset_n;;;reg_stf_no_false_th;[31:27];5'd1;R/W;;;;~
;;;;;;reg_stf_acorr_th_2ant_low;[26:0];27'd24;R/W;;;;
0x0160;SYNC_CONF18;pclk;reset_n;;;reg_power_for_fpga_th;[31:22];10'd10;R/W;;;;~
;;;;;;reg_stf_xcorr_th_2ant;[21:11];11'd170;R/W;;;;
;;;;;;reg_stf_xcorr_th_2ant_low;[10:0];11'd113;R/W;;;;
0x0164;SYNC_CONF19;pclk;reset_n;;;reg_rx_sync_reserve;[31:0];32'd0;R/W;;;;~
0x0168;SYNC_CONF20;pclk;reset_n;;;;[31:28];;RO;;;;
;;;;;;reg_force_low_shift_bit;[27:24];4'd13;R/W;;;;~
;;;;;;reg_force_low_small_sig;[23];1'd1;R/W;;;;~
;;;;;;reg_smlvga_surge_rst_agc;[22];1'd1;R/W;;;;~
;;;;;;reg_stf_xcorr_th_smlsig;[21:11];11'd40;R/W;;;;~
;;;;;;reg_stf_xcorr_th_smlsig_2ant;[10:0];11'd100;R/W;;;;~
0x016C;SYNC_CONF21;pclk;reset_n;;;reg_2low_switch_pwr_th;[31:22];10'd8;R/W;;;;~
;;;;;;reg_stf_xcorr_th_2low;[21:11];11'd100;R/W;;;;~
;;;;;;reg_stf_xcorr_th_2low_2ant;[10:0];11'd180;R/W;;;;~
0x0170;SYNC_CONF22;pclk;reset_n;;;;[31:30];2'd0;RO;;;;
;;;;;;reg_ltf_relative_th_2low;[29:22];8'd8;R/W;;;;~
;;;;;;reg_stf_xcorr_th_2smlsig;[21:11];11'd40;R/W;;;;~
;;;;;;reg_stf_xcorr_th_2smlsig_2ant;[10:0];11'd100;R/W;;;;~
0x0174;SYNC_CONF23;pclk;reset_n;;;;[31:30];2'd0;RO;;;;
;;;;;;reg_num_of_stf_xcorr;[29:27];3'd1;R/W;;;;~
;;;;;;reg_num_of_stf_xcorr_low;[26:24];3'd2;R/W;;;;~
;;;;;;reg_2peak_diff_ratio;[23:16];8'd11;R/W;;;;~
;;;;;;reg_2peak_diff_ratio_low;[15:8];8'd11;R/W;;;;~
;;;;;;reg_2peak_diff_ratio_2low;[7:0];8'd11;R/W;;;;~
0x0178;SYNC_CONF24;pclk;reset_n;;;;[31:31];1'd0;RO;;;;
;;;;;;reg_pkt_once_en;[30:30];1'd0;R/W;;;;~
;;;;;;reg_pwr_surge_pkt_cfm_th;[29:24];6'd15;R/W;;;;~
;;;;;;reg_ltf_xcorr_min_th;[23:16];8'd200;R/W;;;;~
;;;;;;reg_ltf_xcorr_min_th_low;[15:8];8'd100;R/W;;;;~
;;;;;;reg_ltf_xcorr_min_th_2low;[7:0];8'd150;R/W;;;;~
0x017C;SYNC_CONF25;pclk;reset_n;;;;[31:29];3'd0;RO;;;;
;;;;;;reg_pwr_down_pkt_cfm_th;[28:23];6'd10;R/W;;;;~
;;;;;;reg_ltf_acorr_re_en;[22];1'd0;R/W;;;;~
;;;;;;reg_ltf_acorr_re_th;[21:0];22'd1500;R/W;;;;~
0x0180;SYNC_CONF26;pclk;reset_n;;;reg_rpt_no_false_cnt;[31:28];4'd0;RO;;;;~
;;;;;;reg_single_tone_chk_en;[27];1'd1;R/W;;;;
;;;;;;reg_sync_ext_skip_cnt;[26:22];5'd16;R/W;;;;~
;;;;;;reg_ltf_acorr_re_th_2ant;[21:0];22'd2200;R/W;;;;~
0x0184;SYNC_CONF27;pclk;reset_n;;;reg_sync_dfx_sel;[31];1'd0;R/W;;;;~
;;;;;;reg_single_tone_cnt_stf;[30:26];5'd8;R/W;;;;
;;;;;;reg_single_tone_th_stf;[25:22];4'd8;R/W;;;;
;;;;;;reg_ltf_acorr_re_2th;[21:0];22'd2500;R/W;;;;~
0x0188;SYNC_CONF28;pclk;reset_n;;;;[31];10'd0;RO;;;;
;;;;;;reg_single_tone_cnt_ltf;[30:26];5'd8;R/W;;;;
;;;;;;reg_single_tone_th_ltf;[25:22];4'd8;R/W;;;;
;;;;;;reg_ltf_acorr_re_2th_2ant;[21:0];22'd3200;R/W;;;;~
0x018C;CCA_TDM_TH_CONF0;pclk;reset_n;;;;[31:27];5'd0;RO;;;;
;;;;;;reg_cca_midth20mhz;[26:18];9'd368;R/W;;;;
;;;;;;reg_cca_highth20mhz;[17:9];9'd388;R/W;;;;
;;;;;;reg_cca_lowth20mhz;[8:0];9'd348;R/W;;;;
0x0190;CCA_TDM_TH_CONF1;pclk;reset_n;;;;[31:27];5'd0;RO;;;;
;;;;;;reg_cca_midthsec80mhz;[26:18];9'd374;R/W;;;;
;;;;;;reg_cca_midthsec40mhz;[17:9];9'd368;R/W;;;;
;;;;;;reg_cca_obssth20mhz;[8:0];9'd368;R/W;;;;
0x0194;CCA_FDM_TH_CONF0;pclk;reset_n;;;;[31:27];5'd0;RO;;;;
;;;;;;reg_cca_fftpwrhigh_sec20;[26:18];9'd388;R/W;;;;
;;;;;;reg_cca_fftpwrlow_pri20;[17:9];9'd368;R/W;;;;
;;;;;;reg_cca_fftpwrhigh_pri20;[8:0];9'd388;R/W;;;;
0x0198;CCA_FDM_TH_CONF1;pclk;reset_n;;;;[31:27];5'd0;RO;;;;
;;;;;;reg_cca_fftpwrlow_sec40;[26:18];9'd368;R/W;;;;
;;;;;;reg_cca_fftpwrhigh_sec40;[17:9];9'd394;R/W;;;;
;;;;;;reg_cca_fftpwrlow_sec20;[8:0];9'd368;R/W;;;;
0x019C;CCA_FDM_TH_CONF2;pclk;reset_n;;;;[31:24];8'd0;RO;;;;
;;;;;;reg_cca_fftredoth_db;[23:18];6'd12;R/W;;;;
;;;;;;reg_cca_fftpwrhigh_sec80;[17:9];9'd400;R/W;;;;
;;;;;;reg_cca_fftpwrlow_sec80;[8:0];9'd368;R/W;;;;
0x01A0;CCA_FDM_CTRL_CONF0;pclk;reset_n;;;;[31];1'd0;RO;;;;
;;;;;;reg_crg_cca_pkend_frzee_en;[30];1'd1;R/W;;;;
;;;;;;reg_cca_pktdet_fft_mode;[29];1'd0;R/W;;;;~
;;;;;;reg_cca_fft_wait;[28:24];5'd5;R/W;;;;~
;;;;;;reg_cca_wifibandpwrbwmax;[23:18];6'd16;R/W;;;;
;;;;;;reg_cca_wifibandcarexth;[17:12];6'd16;R/W;;;;
;;;;;;reg_cca_fftsize_20m;[11:3];9'd64;R/W;;;;
;;;;;;reg_cca_adc_data_phase;[2:1];2'd0;R/W;;;;~
;;;;;;reg_cca_1xfft_en;[0];1'd0;R/W;;;;~
0x01A4;CCA_CMP_CONF;pclk;reset_n;;;reg_cca_powercomp_sec80;[31:24];8'd192;R/W;;;;
;;;;;;reg_cca_powercomp_sec40;[23:16];8'd180;R/W;;;;
;;;;;;reg_cca_powercomp_sec20;[15:8];8'd168;R/W;;;;
;;;;;;reg_cca_powercomp_pri20;[7:0];8'd168;R/W;;;;
0x01A8;CCA_CTRL_CONF;pclk;reset_n;;;reg_cca_pktdet_ofdmstf_fft;[31];1'd0;R/W;;;;
;;;;;;reg_cca_pktdet_11bsfd_fft;[30];1'b0;R/W;;;;~
;;;;;;reg_cca_dfx_mode;[29:28];2'b0;R/W;;;;~
;;;;;;reg_cca_bitmap_wdg_prot_en;[27];1'b1;R/W;;;;~
;;;;;;reg_cca_dfx_vld_mode;[26];1'b0;R/W;;;;~
;;;;;;reg_cca_trig_scan_wait;[25:15];11'd600;R/W;;;;~
;;;;;;reg_cca_powerestwin;[14:9];6'd16;R/W;;;;
;;;;;;reg_cca_pktdet_ofdmstf;[8];1'd1;R/W;;;;
;;;;;;reg_cca_pktdet_11bsfd;[7];1'd0;R/W;;;;
;;;;;;reg_cca_sigstablewin;[6:1];6'd4;R/W;;;;
;;;;;;reg_cca_pkt_det_mode;[0];1'd0;R/W;;;;~
0x01AC;RXDFE_IQ_INF0_CH0;pclk;reset_n;;;reg_iq_coef_force_1i_ch0;[31:16];16'd0;R/W;;;;~
;;;;;;reg_iq_coef_force_0i_ch0;[15:0];16'd0;R/W;;;;~
0x01B0;RXDFE_IQ_INF1_CH0;pclk;reset_n;;;reg_iq_coef_force_3i_ch0;[31:16];16'd0;R/W;;;;~
;;;;;;reg_iq_coef_force_2i_ch0;[15:0];16'd0;R/W;;;;~
0x01B4;RXDFE_IQ_INF2_CH0;pclk;reset_n;;;reg_iq_coef_force_5i_ch0;[31:16];16'd0;R/W;;;;~
;;;;;;reg_iq_coef_force_4i_ch0;[15:0];16'd0;R/W;;;;~
0x01B8;RXDFE_IQ_INF3_CH0;pclk;reset_n;;;reg_iq_coef_force_0q_ch0;[31:16];16'd0;R/W;;;;~
;;;;;;reg_iq_coef_force_6i_ch0;[15:0];16'd0;R/W;;;;~
0x01BC;RXDFE_IQ_INF4_CH0;pclk;reset_n;;;reg_iq_coef_force_2q_ch0;[31:16];16'd0;R/W;;;;~
;;;;;;reg_iq_coef_force_1q_ch0;[15:0];16'd0;R/W;;;;~
0x01C0;RXDFE_IQ_INF5_CH0;pclk;reset_n;;;reg_iq_coef_force_4q_ch0;[31:16];16'd0;R/W;;;;~
;;;;;;reg_iq_coef_force_3q_ch0;[15:0];16'd0;R/W;;;;~
0x01C4;RXDFE_IQ_INF6_CH0;pclk;reset_n;;;reg_iq_coef_force_6q_ch0;[31:16];16'd0;R/W;;;;~
;;;;;;reg_iq_coef_force_5q_ch0;[15:0];16'd0;R/W;;;;~
0x01C8;RXDFE_IQ_INF7;pclk;reset_n;;;reg_rx_iq_comp_update_step2;[31:22];10'd33;R/W;;;;
;;;;;;reg_rx_iq_comp_update_step1;[21:12];10'd66;R/W;;;;
;;;;;;reg_rx_iq_comp_update_step0;[11:2];10'd164;R/W;;;;
;;;;;;reg_rx_iq_comp_fir_coef_sel;[1];1'd0;R/W;;;;~
;;;;;;reg_iq_coef_fir_coef_2x_en;[0];1'd0;R/W;;;;
0x01CC;RXDFE_IQ_INF8;pclk;reset_n;;;reg_rx_iq_comp_update_thrs1;[31:16];16'd9999;R/W;;;;
;;;;;;reg_rx_iq_comp_update_thrs0;[15:0];16'd999;R/W;;;;
0x01D0;RXDFE_IQ_INF9;pclk;reset_n;;;;[31:30];2'd0;RO;;;;
;;;;;;reg_rx_iq_comp_update_tap_num;[29:28];2'd0;R/W;;;;
;;;;;;reg_rx_iq_coef_fir_mult_clk_fo_ch1;[27];1'd0;R/W;;;;~
;;;;;;reg_rx_iq_comp_train_enable_ch1;[26];1'd0;R/W;;;;~
;;;;;;;[25];1'd0;RO;;;;
;;;;;;reg_rx_iq_comp_update_init;[24:22];3'd0;R/W;;;;~
;;;;;;reg_rx_iq_comp_update_num;[21:19];3'd1;R/W;;;;~
;;;;;;reg_rx_iq_coef_fir_mult_clk_fo_ch0;[18];1'd0;R/W;;;;~
;;;;;;reg_rx_iq_comp_train_enable_ch0;[17];1'd0;R/W;;;;~
;;;;;;reg_iq_coef_aply_force_en;[16];1'd0;R/W;;;;~
;;;;;;reg_rx_iq_comp_update_term;[15:0];16'd8000;R/W;;;;
0x01D4;RXDFE_IQ_INF0_CH1;pclk;reset_n;;;reg_iq_coef_force_1i_ch1;[31:16];16'd0;R/W;;;;~
;;;;;;reg_iq_coef_force_0i_ch1;[15:0];16'd0;R/W;;;;~
0x01D8;RXDFE_IQ_INF1_CH1;pclk;reset_n;;;reg_iq_coef_force_3i_ch1;[31:16];16'd0;R/W;;;;~
;;;;;;reg_iq_coef_force_2i_ch1;[15:0];16'd0;R/W;;;;~
0x01DC;RXDFE_IQ_INF2_CH1;pclk;reset_n;;;reg_iq_coef_force_5i_ch1;[31:16];16'd0;R/W;;;;~
;;;;;;reg_iq_coef_force_4i_ch1;[15:0];16'd0;R/W;;;;~
0x01E0;RXDFE_IQ_INF3_CH1;pclk;reset_n;;;reg_iq_coef_force_0q_ch1;[31:16];16'd0;R/W;;;;~
;;;;;;reg_iq_coef_force_6i_ch1;[15:0];16'd0;R/W;;;;~
0x01E4;RXDFE_IQ_INF4_CH1;pclk;reset_n;;;reg_iq_coef_force_2q_ch1;[31:16];16'd0;R/W;;;;~
;;;;;;reg_iq_coef_force_1q_ch1;[15:0];16'd0;R/W;;;;~
0x01E8;RXDFE_IQ_INF5_CH1;pclk;reset_n;;;reg_iq_coef_force_4q_ch1;[31:16];16'd0;R/W;;;;~
;;;;;;reg_iq_coef_force_3q_ch1;[15:0];16'd0;R/W;;;;~
0x01EC;RXDFE_IQ_INF6_CH1;pclk;reset_n;;;reg_iq_coef_force_6q_ch1;[31:16];16'd0;R/W;;;;~
;;;;;;reg_iq_coef_force_5q_ch1;[15:0];16'd0;R/W;;;;~
0x01F0;RXDFE_IIR_INF0;pclk;reset_n;;;reg_iir_equ_update_init;[31:29];3'd0;R/W;;;;~
;;;;;;reg_iir_equ_update_num;[28:26];3'd1;R/W;;;;~
;;;;;;reg_iir_equ_clk_en;[25];1'd0;R/W;;;;~
;;;;;;reg_iir_equ_chan_sel;[24];1'd0;R/W;;;;~
;;;;;;reg_iir_equ_bypass;[23];1'd1;R/W;;;;~
;;;;;;;[22];1'd0;RO;;;;
;;;;;;reg_iir_equ_coef_train_enable;[21];1'd0;R/W;;;;~
;;;;;;;[20];1'd0;RO;;;;
;;;;;;reg_iir_equ_fir_coef_sel;[19];1'd0;R/W;;;;~
;;;;;;reg_iir_equ_fir_coef0;[18:0];19'd0;R/W;;;;~
0x01F4;RXDFE_IIR_INF1;pclk;reset_n;;;;[31:30];2'd0;RO;;;;
;;;;;;reg_iir_equ_update_tap_num;[29:27];3'd0;R/W;;;;
;;;;;;reg_iir_equ_update_step0;[26:19];8'd205;R/W;;;;
;;;;;;reg_iir_equ_fir_coef1;[18:0];19'd0;R/W;;;;~
0x01F8;RXDFE_IIR_INF2;pclk;reset_n;;;;[31:27];5'd0;RO;;;;
;;;;;;reg_iir_equ_update_step1;[26:19];8'd41;R/W;;;;
;;;;;;reg_iir_equ_fir_coef2;[18:0];19'd0;R/W;;;;~
0x01FC;RXDFE_IIR_INF3;pclk;reset_n;;;;[31:27];5'd0;RO;;;;
;;;;;;reg_iir_equ_update_step2;[26:19];8'd8;R/W;;;;
;;;;;;reg_iir_equ_fir_coef3;[18:0];19'd0;R/W;;;;~
0x0200;RXDFE_IIR_INF4;pclk;reset_n;;;;[31:19];13'd0;RO;;;;
;;;;;;reg_iir_equ_fir_coef4;[18:0];19'd0;R/W;;;;~
0x0204;RXDFE_IIR_INF5;pclk;reset_n;;;;[31:19];13'd0;RO;;;;
;;;;;;reg_iir_equ_fir_coef5;[18:0];19'd0;R/W;;;;~
0x0208;RXDFE_IIR_INF6;pclk;reset_n;;;;[31:19];13'd0;RO;;;;
;;;;;;reg_iir_equ_fir_coef6;[18:0];19'd0;R/W;;;;~
0x020C;RXDFE_IIR_INF7;pclk;reset_n;;;;[31:19];13'd0;RO;;;;
;;;;;;reg_iir_equ_fir_coef7;[18:0];19'd0;R/W;;;;~
0x0210;RXDFE_IIR_INF8;pclk;reset_n;;;;[31:19];13'd0;RO;;;;
;;;;;;reg_iir_equ_fir_coef8;[18:0];19'd0;R/W;;;;~
0x0214;RXDFE_IIR_INF9;pclk;reset_n;;;;[31:19];13'd0;RO;;;;
;;;;;;reg_iir_equ_fir_coef9;[18:0];19'd0;R/W;;;;~
0x0218;RXDFE_IIR_INF10;pclk;reset_n;;;;[31:19];13'd0;RO;;;;
;;;;;;reg_iir_equ_fir_coef10;[18:0];19'd0;R/W;;;;~
0x021C;RXDFE_IIR_INF11;pclk;reset_n;;;reg_iir_equ_update_thrs1;[31:16];16'd9999;R/W;;;;
;;;;;;reg_iir_equ_update_thrs0;[15:0];16'd999;R/W;;;;
0x0220;RXDFE_IIR_INF12;pclk;reset_n;;;;[31:16];16'd0;RO;;;;
;;;;;;reg_iir_equ_update_term;[15:0];16'd8000;R/W;;;;
0x0224;RXDFE_IIR_INF13;pclk;reset_n;;;reg_iq_coef_init_coef0;[31:0];32'd0;R/W;;;;~
0x0228;RXDFE_IIR_INF14;pclk;reset_n;;;reg_iq_coef_init_coef1;[31:0];32'd0;R/W;;;;~
0x022C;RXDFE_IIR_INF15;pclk;reset_n;;;reg_iq_coef_init_coef2;[31:0];32'd0;R/W;;;;~
0x0230;RXDFE_IIR_INF16;pclk;reset_n;;;reg_iq_coef_init_coef3;[31:0];32'd0;R/W;;;;~
0x0234;RXDFE_IIR_INF17;pclk;reset_n;;;reg_iq_coef_init_coef4;[31:0];32'd0;R/W;;;;~
0x0238;RXDFE_IIR_INF18;pclk;reset_n;;;reg_iq_coef_init_coef5;[31:0];32'd0;R/W;;;;~
0x023C;RXDFE_IIR_INF19;pclk;reset_n;;;reg_iq_coef_init_coef6;[31:0];32'd0;R/W;;;;~
0x0240;RXDFE_IIR_INF20;pclk;reset_n;;;;[31:19];13'd0;RO;;;;
;;;;;;reg_iq_coef_init_coef7;[18:0];19'd0;R/W;;;;~
0x0244;RXDFE_IIR_INF21;pclk;reset_n;;;;[31:19];13'd0;RO;;;;
;;;;;;reg_iq_coef_init_coef8;[18:0];19'd0;R/W;;;;~
0x0248;RXDFE_IIR_INF22;pclk;reset_n;;;;[31:19];13'd0;RO;;;;
;;;;;;reg_iq_coef_init_coef9;[18:0];19'd0;R/W;;;;~
0x024C;RXDFE_IIR_INF23;pclk;reset_n;;;;[31:19];13'd0;RO;;;;
;;;;;;reg_iq_coef_init_coef10;[18:0];19'd0;R/W;;;;~
0x0250;RXDFE_IIR_INF24;pclk;reset_n;;;reg_iq_coef_train_coef0;[31:0];32'd0;RO;;;;~
0x0254;RXDFE_IIR_INF25;pclk;reset_n;;;reg_iq_coef_train_coef1;[31:0];32'd0;RO;;;;~
0x0258;RXDFE_IIR_INF26;pclk;reset_n;;;reg_iq_coef_train_coef2;[31:0];32'd0;RO;;;;~
0x025C;RXDFE_IIR_INF27;pclk;reset_n;;;reg_iq_coef_train_coef3;[31:0];32'd0;RO;;;;~
0x0260;RXDFE_IIR_INF28;pclk;reset_n;;;reg_iq_coef_train_coef4;[31:0];32'd0;RO;;;;~
0x0264;RXDFE_IIR_INF29;pclk;reset_n;;;reg_iq_coef_train_coef5;[31:0];32'd0;RO;;;;~
0x0268;RXDFE_IIR_INF30;pclk;reset_n;;;reg_iq_coef_train_coef6;[31:0];32'd0;RO;;;;~
0x026C;RXDFE_IIR_INF31;pclk;reset_n;;;;[31:19];13'd0;RO;;;;
;;;;;;reg_iq_coef_train_coef7;[18:0];19'd0;RO;;;;~
0x0270;RXDFE_IIR_INF32;pclk;reset_n;;;;[31:19];13'd0;RO;;;;
;;;;;;reg_iq_coef_train_coef8;[18:0];19'd0;RO;;;;~
0x0274;RXDFE_IIR_INF33;pclk;reset_n;;;;[31:19];13'd0;RO;;;;
;;;;;;reg_iq_coef_train_coef9;[18:0];19'd0;RO;;;;~
0x0278;RXDFE_IIR_INF34;pclk;reset_n;;;;[31:19];13'd0;RO;;;;
;;;;;;reg_iq_coef_train_coef10;[18:0];19'd0;RO;;;;~
0x027C;DETECT_CONF0;pclk;reset_n;;;reg_dfs_satur_check_len;[31:26];6'd20;R/W;;;;
;;;;;;reg_dfs_ratio_dly;[25:21];5'h5;R/W;;;;
;;;;;;reg_dfs_rising_relative_thr;[20:6];15'b100100;R/W;;;;
;;;;;;reg_dfs_rising_amp_thr;[5:0];6'h5;R/W;;;;
0x0280;DETECT_CONF1;pclk;reset_n;;;;[31:29];3'd0;RO;;;;
;;;;;;reg_dfs_rf_same_freq;[28];1'b0;R/W;;;;~
;;;;;;reg_dfs_dc_est_enable;[27];1'b1;R/W;;;;
;;;;;;reg_dfs_satur_enable;[26];1'b1;R/W;;;;
;;;;;;reg_dfs_drop_prof;[25];1'b0;R/W;;;;~
;;;;;;reg_dfs_ltf_en;[24];1'b0;R/W;;;;~
;;;;;;reg_dfs_ltf_thr;[23:14];10'd100;R/W;;;;~
;;;;;;reg_dfs_max_pulse_wait;[13:0];14'd16000;R/W;;;;~
0x0284;DETECT_CONF2;pclk;reset_n;;;reg_dfs_stable_fall_check_delay;[31:27];5'd31;R/W;;;;
;;;;;;reg_dfs_const_envelope_delay;[26:22];5'd10;R/W;;;;
;;;;;;reg_dfs_enve_det_thr_low_amp;[21:18];4'b1010;R/W;;;;
;;;;;;reg_dfs_gain_change_amp_thr;[17:7];11'd725;R/W;;;;
;;;;;;reg_dfs_zc_ref;[6:4];3'd5;R/W;;;;
;;;;;;reg_dfs_pulse_amp_est_dly;[3:0];4'd4;R/W;;;;
0x0288;DETECT_CONF3;pclk;reset_n;;;reg_dfs_satur_pass_len;[31:26];6'd16;R/W;;;;
;;;;;;reg_dfs_reset_delay_len;[25:22];4'd0;R/W;;;;
;;;;;;reg_dfs_fall_edge_rel_lgain_thr;[21:7];15'b100100;R/W;;;;
;;;;;;reg_dfs_envelope_det_num;[6:0];7'd32;R/W;;;;
0x028C;DETECT_CONF4;pclk;reset_n;;;reg_dfs_etsi_width_max_type3;[31:19];13'd1280;R/W;;;;
;;;;;;reg_dfs_pulse_amp_thr;[18:13];6'd8;R/W;;;;
;;;;;;reg_dfs_fall_edge_check_delay;[12:8];5'd18;R/W;;;;
;;;;;;reg_dfs_fall_edge_check_max_len;[7:0];8'd99;R/W;;;;
0x0290;DETECT_CONF5;pclk;reset_n;;;reg_dfs_etsi_width_max_type4;[31:19];13'd2480;R/W;;;;
;;;;;;reg_dfs_etsi_width_min_type4;[18:6];13'd1580;R/W;;;;
;;;;;;reg_dfs_amp_check_thr;[5:0];6'd5;R/W;;;;
0x0294;DETECT_CONF6;pclk;reset_n;;;reg_dfs_rising_amp_thr_160m;[31:26];6'd6;R/W;;;;
;;;;;;reg_dfs_fcc_width_min_longchirp;[25:13];13'd3980;R/W;;;;
;;;;;;reg_dfs_fcc_width_max_type4;[12:0];13'd1680;R/W;;;;
0x0298;DETECT_CONF7;pclk;reset_n;;;;[31];1'd0;RO;;;;
;;;;;;reg_dfs_redge_prof_cmp_bypass;[30];1'b0;R/W;;;;~
;;;;;;reg_dfs_dc_est_thr;[29:24];6'd24;R/W;;;;
;;;;;;reg_dfs_satur_check_thr;[23:13];11'd1100;R/W;;;;
;;;;;;reg_dfs_fcc_width_max_longchirp;[12:0];13'd8080;R/W;;;;
0x029C;DETECT_CONF8;pclk;reset_n;;;;[31:30];2'b0;RO;;;;
;;;;;;reg_dfs_isofdm_check_40m;[29:24];6'd12;R/W;;;;
;;;;;;reg_dfs_isofdm_check_20m;[23:18];6'd11;R/W;;;;
;;;;;;reg_dfs_pulse_catch_bypass;[17];1'b1;R/W;;;;~
;;;;;;reg_dfs_pulse_catch_wait_cnt;[16:6];11'd100;R/W;;;;~
;;;;;;reg_dfs_residual_dc_check_thr;[5:0];6'd6;R/W;;;;
0x02A0;DETECT_CONF9;pclk;reset_n;;;reg_dfs_cont_env_delay;[31:28];4'd0;R/W;;;;
;;;;;;reg_dfs_agc_pulse_width_fcc;[27:17];11'd1840;R/W;;;;~
;;;;;;reg_dfs_agc_pulse_width_etsi;[16:6];11'd1280;R/W;;;;~
;;;;;;reg_dfs_fedge_amp_thr_hgain_160m;[5:0];6'd15;R/W;;;;
0x02A4;DETECT_CONF10;pclk;reset_n;;;;[31:28];4'b0;RO;;;;
;;;;;;reg_dfs_isofdm_check_80m;[27:22];6'd15;R/W;;;;
;;;;;;reg_dfs_fedge_thr_check_80m;[21:16];6'd15;R/W;;;;
;;;;;;reg_dfs_fedge_thr_check_40m;[15:10];6'd12;R/W;;;;
;;;;;;reg_dfs_fedge_thr_check_20m;[9:4];6'd11;R/W;;;;
;;;;;;reg_dfs_enve_det_thr_high_amp;[3:0];4'b1000;R/W;;;;
0x02A8;DETECT_CONF11;pclk;reset_n;;;reg_dfs_fedge_amp_thr_hgain_80m;[31:26];6'd15;R/W;;;;
;;;;;;reg_dfs_fcc_width_min_thr;[25:13];13'd65;R/W;;;;
;;;;;;reg_dfs_etsi_width_min_thr;[12:0];13'd28;R/W;;;;
0x02AC;DETECT_CONF12;pclk;reset_n;;;;[31:30];2'b0;RO;;;;
;;;;;;reg_dfs_fedge_amp_thr_hgain_20m;[29:24];6'd15;R/W;;;;
;;;;;;reg_dfs_fedge_amp_thr_lgain_160m;[23:18];6'd15;R/W;;;;
;;;;;;reg_dfs_fedge_amp_thr_lgain_80m;[17:12];6'd15;R/W;;;;
;;;;;;reg_dfs_fedge_amp_thr_lgain_40m;[11:6];6'd15;R/W;;;;
;;;;;;reg_dfs_fedge_amp_thr_lgain_20m;[5:0];6'd15;R/W;;;;
0x02B0;DETECT_CONF13;pclk;reset_n;;;reg_dfs_isofdm_check_160m;[31:26];6'd16;R/W;;;;
;;;;;;reg_dfs_fall_edge_rel_hgain_thr;[25:11];15'b100100;R/W;;;;
;;;;;;reg_dfs_residual_dc_est_len;[10:0];11'd1024;R/W;;;;
0x02B4;DETECT_CONF14;pclk;reset_n;;;reg_dfs_idata_dc_hgain;[31:24];8'd0;R/W;;;;
;;;;;;reg_dfs_qdata_dc_hgain;[23:16];8'd0;R/W;;;;
;;;;;;reg_dfs_idata_dc_lgain;[15:8];8'd0;R/W;;;;
;;;;;;reg_dfs_qdata_dc_lgain;[7:0];8'd0;R/W;;;;
0x02B8;DETECT_CONF15;pclk;reset_n;;;;[31:21];11'd0;RO;;;;
;;;;;;reg_dfs_enve_det_thr;[20:15];6'd12;R/W;;;;
;;;;;;reg_dfs_bp_redge_wait_time;[14:12];3'd5;R/W;;;;
;;;;;;reg_dfs_fedge_amp_thr_hgain_40m;[11:6];6'd15;R/W;;;;
;;;;;;reg_dfs_fedge_thr_check_160m;[5:0];6'd16;R/W;;;;
0x02BC;DETECT_CONF16;pclk;reset_n;;;;[31:24];8'd0;RO;;;;
;;;;;;reg_dfs_sec_freq_chirp_thr;[23:17];7'd44;R/W;;;;
;;;;;;reg_dfs_sec_freq_sec_seq_start;[16:11];6'd1;R/W;;;;
;;;;;;reg_dfs_sec_freq_fir_seq_start;[10:8];3'd3;R/W;;;;
;;;;;;reg_dfs_sec_freq_search_dur;[7:2];6'd32;R/W;;;;
;;;;;;reg_dfs_sec_freq_det_en;[1];1'b1;R/W;;;;~
;;;;;;reg_dfs_fir_enable;[0];1'b1;R/W;;;;~
0x02C0;DETECT_CONF17;pclk;reset_n;;;;[31:30];2'd0;RO;;;;
;;;;;;reg_dfs_reserve;[29:14];16'd0;R/W;;;;~
;;;;;;reg_dfs_bp_fedge_thr;[13:8];6'd19;R/W;;;;
;;;;;;reg_dfs_bp_redge_thr;[7:1];7'd69;R/W;;;;
;;;;;;reg_dfs_big_power_chk_en;[0];1'b1;R/W;;;;~
0x02C4;MATCH_CONF1;pclk;reset_n;;;reg_dfs_fcc_max_chirp_cnt;[31:0];32'd960000000;R/W;;;;~
0x02C8;MATCH_CONF2;pclk;reset_n;;;reg_dfs_pulse_amp_rel_thr;[31:28];4'h6;R/W;;;;
;;;;;;reg_dfs_pulse_max_cnt;[27:0];28'h8000000;R/W;;;;~
0x02CC;MATCH_CONF3;pclk;reset_n;;;reg_dfs_fcc_type0_pri_max;[31:23];9'd224;R/W;;;;
;;;;;;reg_dfs_fcc_type0_width_min;[22:16];7'd60;R/W;;;;
;;;;;;reg_dfs_fcc_max_chirp_width;[15:8];8'd144;R/W;;;;
;;;;;;reg_dfs_fcc_min_chirp_width;[7:0];8'd140;R/W;;;;
0x02D0;MATCH_CONF4;pclk;reset_n;;;;[31:26];6'd0;RO;;;;
;;;;;;reg_dfs_etsi_stagger_width_max;[25:17];9'd240;R/W;;;;
;;;;;;reg_dfs_etsi_type0_pri_min;[16:7];10'd416;R/W;;;;
;;;;;;reg_dfs_fcc_type1_width_min;[6:0];7'd60;R/W;;;;
0x02D4;MATCH_CONF5;pclk;reset_n;;;;[31:29];3'b0;RO;;;;
;;;;;;reg_dfs_fcc_type6_pri_min;[28:17];12'd1904;R/W;;;;
;;;;;;reg_dfs_etsi_type0_width_max;[16:9];8'd160;R/W;;;;
;;;;;;reg_dfs_etsi_type0_pri_max;[8:0];9'd224;R/W;;;;
0x02D8;MATCH_CONF6;pclk;reset_n;;;;[31];1'b0;RO;;;;
;;;;;;reg_dfs_fcc_type0_width_max;[30:23];8'd160;R/W;;;;
;;;;;;reg_dfs_fcc_type2_width_min;[22:16];7'd60;R/W;;;;
;;;;;;reg_dfs_etsi_type1_width_max;[15:6];10'd480;R/W;;;;
;;;;;;reg_dfs_etsi_type1_width_min;[5:0];6'd28;R/W;;;;
0x02DC;MATCH_CONF7;pclk;reset_n;;;;[31];1'h0;RO;;;;
;;;;;;reg_dfs_fcc_type4_pri_max;[30:22];9'd224;R/W;;;;
;;;;;;reg_dfs_fcc_type2_width_max;[21:12];10'd480;R/W;;;;
;;;;;;reg_dfs_etsi_type1_pri_min;[11:0];12'd2016;R/W;;;;
0x02E0;MATCH_CONF8;pclk;reset_n;;;reg_dfs_etsi_fcc;[31];1'b0;R/W;;;;
;;;;;;reg_dfs_pulse_min_num_long_chirp;[30:28];3'd4;R/W;;;;
;;;;;;reg_dfs_pulse_min_num;[27:25];3'd4;R/W;;;;
;;;;;;reg_dfs_pulse_min_match;[24:22];3'd2;R/W;;;;
;;;;;;reg_dfs_pulse_width_thr;[21:16];6'd20;R/W;;;;
;;;;;;reg_dfs_pulse_amp_abs_thr;[15:9];7'd40;R/W;;;;
;;;;;;reg_dfs_etsi_type1_pri_max;[8:0];9'd288;R/W;;;;
0x02E4;MATCH_CONF9;pclk;reset_n;;;reg_dfs_fcc_type6_pri_max;[31:23];9'd176;R/W;;;;
;;;;;;reg_dfs_fcc_type3_width_max;[22:15];8'd112;R/W;;;;
;;;;;;reg_dfs_etsi_type2_width_max;[14:6];9'd256;R/W;;;;
;;;;;;reg_dfs_etsi_type2_width_min;[5:0];6'd28;R/W;;;;
0x02E8;MATCH_CONF10;pclk;reset_n;;;;[31:26];6'b0;RO;;;;
;;;;;;reg_dfs_fcc_type6_width_max;[25:18];8'd160;R/W;;;;
;;;;;;reg_dfs_fcc_type3_width_min;[17:9];9'd460;R/W;;;;
;;;;;;reg_dfs_etsi_type2_pri_min;[8:0];9'd176;R/W;;;;
0x02EC;MATCH_CONF11;pclk;reset_n;;;;[31];1'b0;RO;;;;
;;;;;;reg_dfs_fcc_type0_pri_min;[30:21];10'd416;R/W;;;;
;;;;;;reg_dfs_pulse_amp_switch_amp;[20:9];12'd200;R/W;;;;~
;;;;;;reg_dfs_etsi_type2_pri_max;[8:0];9'd288;R/W;;;;
0x02F0;MATCH_CONF12;pclk;reset_n;;;;[31];1'b0;RO;;;;
;;;;;;reg_dfs_fcc_type4_pri_min;[30:21];10'd480;R/W;;;;
;;;;;;reg_dfs_pulse_pri_thr;[20:15];6'd30;R/W;;;;
;;;;;;reg_dfs_etsi_type3_width_max;[14:6];9'd256;R/W;;;;
;;;;;;reg_dfs_etsi_type3_width_min;[5:0];6'd28;R/W;;;;
0x02F4;MATCH_CONF13;pclk;reset_n;;;;[31];1'b0;RO;;;;
;;;;;;reg_dfs_fcc_type3_pri_max;[30:22];9'd224;R/W;;;;
;;;;;;reg_dfs_etsi_type3_pri_max;[21:10];12'd2174;R/W;;;;
;;;;;;reg_dfs_etsi_type3_pri_min;[9:0];10'd384;R/W;;;;
0x02F8;MATCH_CONF14;pclk;reset_n;;;;[31:26];6'd0;RO;;;;
;;;;;;reg_dfs_etsi_stagger_width_min;[25:20];6'd28;R/W;;;;
;;;;;;reg_dfs_etsi_type4_width_max;[19:10];10'd432;R/W;;;;
;;;;;;reg_dfs_etsi_type4_width_min;[9:0];10'd556;R/W;;;;
0x02FC;MATCH_CONF15;pclk;reset_n;;;;[31:26];6'b0;RO;;;;
;;;;;;reg_dfs_fcc_type6_width_min;[25:19];7'd60;R/W;;;;
;;;;;;reg_dfs_etsi_type4_pri_max;[18:10];9'd224;R/W;;;;
;;;;;;reg_dfs_etsi_type4_pri_min;[9:0];10'd384;R/W;;;;
0x0300;MATCH_CONF16;pclk;reset_n;;;;[31:27];5'd0;RO;;;;
;;;;;;reg_dfs_fcc_type4_width_max;[26:18];9'd144;R/W;;;;
;;;;;;reg_dfs_pulse2_pri_thr;[17:11];7'd100;R/W;;;;
;;;;;;reg_dfs_etsi_min_stagger_pri;[10:0];11'd970;R/W;;;;
0x0304;MATCH_CONF17;pclk;reset_n;;;;[31];2'd0;RO;;;;
;;;;;;reg_dfs_fcc_type3_pri_min;[30:21];10'd480;R/W;;;;
;;;;;;reg_dfs_pulse3_pri_thr;[20:13];8'd180;R/W;;;;
;;;;;;reg_dfs_buffer_pulse_num;[12:10];3'd4;R/W;;;;
;;;;;;reg_dfs_etsi_max_stagger_pri;[9:0];10'd586;R/W;;;;
0x0308;MATCH_CONF18;pclk;reset_n;;;;[31:27];5'b0;RO;;;;
;;;;;;reg_dfs_fcc_type4_width_min;[26:18];9'd348;R/W;;;;
;;;;;;reg_dfs_fcc_type1_width_max;[17:10];8'd160;R/W;;;;
;;;;;;reg_dfs_etsi_type5_pri_max;[9:0];10'd480;R/W;;;;
0x030C;MATCH_CONF19;pclk;reset_n;;;reg_dfs_pulse_radar_rpt_sel;[31];1'b0;R/W;;;;~
;;;;;;reg_dfs_fcc_type2_pri_min;[30:21];10'd576;R/W;;;;
;;;;;;reg_dfs_fcc_type2_pri_max;[20:9];12'd2176;R/W;;;;
;;;;;;reg_dfs_fcc_type1_pri_min;[8:0];9'd320;R/W;;;;
0x0310;MATCH_CONF20;pclk;reset_n;;;;[31:29];3'b0;RO;;;;
;;;;;;reg_dfs_radar_type_rpt_sel;[28:19];10'd0;R/W;;;;~
;;;;;;reg_dfs_etsi_type0_width_min;[18:12];7'd60;R/W;;;;
;;;;;;reg_dfs_fcc_chirp_pulse_num;[11:9];3'd4;R/W;;;;
;;;;;;reg_dfs_fcc_type1_pri_max;[8:0];9'd192;R/W;;;;
0x0314;MATCH_CONF21;pclk;reset_n;;;;[31:26];6'd0;RO;;;;
;;;;;;reg_dfs_radar_type;[25:23];3'd0;RO;;;;~
;;;;;;reg_dfs_radar_freq;[22:12];11'd0;RO;;;;~
;;;;;;reg_dfs_radar_amp;[11:0];12'd0;RO;;;;~
0x0318;MATCH_CONF22;pclk;reset_n;;;;[31:13];19'd0;RO;;;;
;;;;;;reg_dfs_radar_width;[12:0];13'd0;RO;;;;~
0x031C;MATCH_CONF23;pclk;reset_n;;;reg_dfs_radar_pri1;[31:0];32'd0;RO;;;;~
0x0320;MATCH_CONF24;pclk;reset_n;;;reg_dfs_radar_pri2;[31:0];32'd0;RO;;;;~
0x0324;MATCH_CONF25;pclk;reset_n;;;reg_dfs_radar_pri3;[31:0];32'd0;RO;;;;~
0x0328;RXCTRLTD_CTRL;pclk;reset_n;;;reg_rxctrltd_ctrl;[31:0];32'h0;R/W;;;;~
0x032C;DFS_CONF0;pclk;reset_n;;;;[31:16];16'd0;RO;;;;
;;;;;;reg_dfs_sync_reset_en;[15];1'b1;R/W;;;;~
;;;;;;reg_dfs_same_width_chk_en;[14];1'b1;R/W;;;;~
;;;;;;reg_dfs_same_amp_chk_en;[13];1'b1;R/W;;;;~
;;;;;;reg_dfs_fedge_chk_en;[12];1'b1;R/W;;;;~
;;;;;;reg_dfs_rising_peak_chk_en;[11];1'b1;R/W;;;;~
;;;;;;reg_dfs_off_line;[10];1'b0;R/W;;;;~
;;;;;;reg_dfs_agc_stable_cnt;[9:2];8'd128;R/W;;;;~
;;;;;;reg_dfs_en;[1];1'b0;R/W;;;;~
;;;;;;reg_dfs_rst_sel;[0];1'b0;R/W;;;;~
0x0330;DFX_CONF0;pclk;reset_n;;;;[31];1'b0;RO;;;;
;;;;;;reg_rpt_dotb_fsm_sta;[30:16];15'd0;RO;;;;~
;;;;;;;[15];1'b0;RO;;;;
;;;;;;reg_rpt_ofdm_fsm_sta;[14:0];15'd0;RO;;;;~
0x0334;DFX_CONF1;pclk;reset_n;;;;[31:16];16'd0;RO;;;;
;;;;;;reg_rpt_agc_lock_pos_cnt;[15:8];8'd0;RO;;;;~
;;;;;;reg_rpt_cca_pkt_finish_pos_cnt;[7:0];8'd0;RO;;;;~
0x0338;DFX_CONF2;pclk;reset_n;;;reg_rpt_ofdm_fine_timing_pos_cnt;[31:16];16'd0;RO;;;;~
;;;;;;reg_rpt_ofdm_pkt_det_pos_cnt;[15:0];16'd0;RO;;;;~
0x033C;DFX_CONF3;pclk;reset_n;;;;[31:1];31'd0;RO;;;;
;;;;;;reg_rpt_clr;[0];1'b0;R/W;;;;~
0x0340;DFX_CONF4;pclk;reset_n;;;;[31:2];30'd0;RO;;;;
;;;;;;reg_rx_overtime_rst_en;[1];1'b1;R/W;;;;~
;;;;;;reg_rx_ofdm_en;[0];1'b1;R/W;;;;~
0x0344;CCA_CTRL_CONF_1;pclk;reset_n;;;reg_cca_pktend_fft_start_sel;[31];1'd0;R/W;;;;~
;;;;;;reg_cca_pkend_frze_agc_en;[30];1'd1;R/W;;;;~
;;;;;;reg_cca_fft_delay_sel;[29];1'd0;R/W;;;;~
;;;;;;reg_cca_sta_chk_en_sel;[28];1'd0;R/W;;;;~
;;;;;;reg_cca_work_en;[27];1'd1;R/W;;;;~
;;;;;;reg_cca_fftscan_comp;[26:19];8'd132;R/W;;;;
;;;;;;reg_cca_unlock_clr_en;[18];1'b0;R/W;;;;~
;;;;;;reg_cca_en_force_on;[17];1'b0;R/W;;;;~
;;;;;;reg_cca_clr_tdm_finsh;[16];1'b0;R/W;;;;~
;;;;;;reg_cca_tfdm_cmp_en;[15];1'b1;R/W;;;;
;;;;;;reg_cca_pkend_force_gain_en;[14];1'b1;R/W;;;;~
;;;;;;reg_cca_rxtdm_finish_pos_dis;[13];1'b0;R/W;;;;~
;;;;;;reg_cca_pri20_sync_on_busy;[12];1'b1;R/W;;;;~
;;;;;;reg_cca_ant_idx_force;[11];1'b0;R/W;;;;~
;;;;;;reg_cca_ant_idx_force_en;[10];1'b0;R/W;;;;~
;;;;;;reg_cca_force_sec80;[9];1'b0;R/W;;;;~
;;;;;;reg_cca_force_sec80_en;[8];1'b0;R/W;;;;~
;;;;;;reg_cca_force_sec40;[7];1'b0;R/W;;;;~
;;;;;;reg_cca_force_sec40_en;[6];1'b0;R/W;;;;~
;;;;;;reg_cca_force_sec20;[5];1'b0;R/W;;;;~
;;;;;;reg_cca_force_sec20_en;[4];1'b0;R/W;;;;~
;;;;;;reg_cca_force_pri20;[3];1'b0;R/W;;;;~
;;;;;;reg_cca_force_pri20_en;[2];1'b0;R/W;;;;~
;;;;;;reg_cca_pktend_det_en;[1];1'b1;R/W;;;;~
;;;;;;reg_cca_fft_scan_en;[0];1'd1;R/W;;;;~
0x0348;CCA_AGC_FRZE_1;pclk;reset_n;;;;[31];1'd0;RO;;;;
;;;;;;reg_cca_bitmap_force;[30:23];8'b0;R/W;;;;~
;;;;;;reg_cca_bitmap_force_en;[22];1'b0;R/W;;;;~
;;;;;;reg_cca_bitmap_inv_order;[21];1'b0;R/W;;;;~
;;;;;;reg_cca_frze_agc_40_wait;[20:10];11'd273;R/W;;;;~
;;;;;;reg_cca_frze_agc_20_wait;[9:0];10'd136;R/W;;;;~
0x034C;CCA_AGC_FRZE_2;pclk;reset_n;;;;[31];1'd0;RO;;;;
;;;;;;reg_cca_extra_kep;[30:27];4'd0;R/W;;;;~
;;;;;;reg_cca_diag_done_swap;[26];1'd0;R/W;;;;~
;;;;;;reg_cca_diag_swap;[25];1'd0;R/W;;;;~
;;;;;;reg_cca_frze_agc_160_wait;[24:12];13'd1088;R/W;;;;~
;;;;;;reg_cca_frze_agc_80_wait;[11:0];12'd544;R/W;;;;~
0x0350;CCA_DEBUG_DUMP0;pclk;reset_n;;;reg_cca_debug_ro_dump;[31:0];32'd0;RO;;;;~
0x0354;RXDFE_IQ_LEAKY0;pclk;reset_n;;;reg_iir_train_leaky_start_point;[31:16];16'd0;R/W;;;;
;;;;;;reg_iq_train_leaky_start_point;[15:0];16'd0;R/W;;;;
0x0358;RXDFE_IQ_LEAKY1;pclk;reset_n;;;;[31:30];2'b0;RO;;;;
;;;;;;reg_iq_max_err_ch1;[29:20];10'h0;RO;;;;~
;;;;;;reg_iq_max_err_ch0;[19:10];10'h0;RO;;;;~
;;;;;;reg_iir_max_err;[9:0];10'h0;RO;;;;~
0x035C;RXDFE_IQ_MEM_CFG0;pclk;reset_n;;;reg_trx_iqrkrx_sw_rd_mode;[31];1'b0;R/W;;;;~
;;;;;;reg_trx_iqrktx_sw_rd_en;[30];1'b0;R/W;;;;~
;;;;;;reg_trx_iqrkrx_sw_rd_en;[29];1'b0;R/W;;;;~
;;;;;;reg_trx_iqmem_sw_rd_en;[28];1'b0;R/W;;;;~
;;;;;;reg_iqcof_otap_vga_ch1;[27:22];6'b0;R/W;;;;
;;;;;;reg_iqcof_otap_en_ch1;[21];1'b0;R/W;;;;
;;;;;;reg_iqcof_otap_vga_ch0;[20:15];6'b0;R/W;;;;
;;;;;;reg_iqcof_otap_en_ch0;[14];1'b0;R/W;;;;
;;;;;;reg_trx_iqcof_set_addr_vld;[13];1'b0;R/W;;;;~
;;;;;;reg_trx_iqcof_set_addr;[12:4];9'b0;R/W;;;;~
;;;;;;reg_trx_iqcof_set_en;[3];1'b0;R/W;;;;~
;;;;;;reg_trx_loop_mode;[2];1'b0;R/W;;;;~
;;;;;;reg_trx_iqcof_rd_force_on;[1];1'b0;R/W;;;;~
;;;;;;reg_trx_iqcof_mem_force_on;[0];1'b0;R/W;;;;~
0x0360;RXDFE_IQ_MEM_COF_SET;pclk;reset_n;;;reg_trx_iqcof_set_q;[31:16];16'b0;R/W;;;;~
;;;;;;reg_trx_iqcof_set_i;[15:0];16'b0;R/W;;;;~
0x0364;RXDFE_IQ_MEM_OTAP_COF0;pclk;reset_n;;;reg_iqcof_fir_otap_q_ch0;[31:16];16'b0;R/W;;;;
;;;;;;reg_iqcof_fir_otap_i_ch0;[15:0];16'b0;R/W;;;;
0x0368;RXDFE_IQ_MEM_OTAP_COF1;pclk;reset_n;;;reg_iqcof_fir_otap_q_ch1;[31:16];16'b0;R/W;;;;
;;;;;;reg_iqcof_fir_otap_i_ch1;[15:0];16'b0;R/W;;;;
0x036C;DC_CALIBRATE_CFG0;pclk;reset_n;;;;[31:28];4'b0;RO;;;;
;;;;;;reg_dc_est_en;[27];1'b0;R/W;;;;~
;;;;;;reg_dc0_comp_ch0_i_gain0;[26:18];9'b0;R/W;;;;~
;;;;;;reg_dc0_comp_ch0_i_gain1;[17:9];9'b0;R/W;;;;~
;;;;;;reg_dc0_comp_ch0_i_gain2;[8:0];9'b0;R/W;;;;~
0x0370;DC_CALIBRATE_CFG1;pclk;reset_n;;;;[31:28];4'b0;RO;;;;
;;;;;;reg_iq_est_en_sel;[27];1'b0;R/W;;;;~
;;;;;;reg_dc0_comp_ch0_i_gain3;[26:18];9'b0;R/W;;;;~
;;;;;;reg_dc0_comp_ch0_i_gain4;[17:9];9'b0;R/W;;;;~
;;;;;;reg_dc0_comp_ch0_i_gain5;[8:0];9'b0;R/W;;;;~
0x0374;DC_CALIBRATE_CFG2;pclk;reset_n;;;;[31:27];5'b0;RO;;;;
;;;;;;reg_dc0_comp_ch0_i_gain6;[26:18];9'b0;R/W;;;;~
;;;;;;reg_dc0_comp_ch0_i_gain7;[17:9];9'b0;R/W;;;;~
;;;;;;reg_dc0_comp_ch0_q_gain0;[8:0];9'b0;R/W;;;;~
0x0378;DC_CALIBRATE_CFG3;pclk;reset_n;;;;[31:27];5'b0;RO;;;;
;;;;;;reg_dc0_comp_ch0_q_gain1;[26:18];9'b0;R/W;;;;~
;;;;;;reg_dc0_comp_ch0_q_gain2;[17:9];9'b0;R/W;;;;~
;;;;;;reg_dc0_comp_ch0_q_gain3;[8:0];9'b0;R/W;;;;~
0x037C;DC_CALIBRATE_CFG4;pclk;reset_n;;;;[31:27];5'b0;RO;;;;
;;;;;;reg_dc0_comp_ch0_q_gain4;[26:18];9'b0;R/W;;;;~
;;;;;;reg_dc0_comp_ch0_q_gain5;[17:9];9'b0;R/W;;;;~
;;;;;;reg_dc0_comp_ch0_q_gain6;[8:0];9'b0;R/W;;;;~
0x0380;DC_CALIBRATE_CFG5;pclk;reset_n;;;;[31:27];5'b0;RO;;;;
;;;;;;reg_dc0_comp_ch0_q_gain7;[26:18];9'b0;R/W;;;;~
;;;;;;reg_dc1_comp_ch0_i_gain0;[17:9];9'b0;R/W;;;;~
;;;;;;reg_dc1_comp_ch1_i_gain0;[8:0];9'b0;R/W;;;;~
0x0384;DC_CALIBRATE_CFG6;pclk;reset_n;;;;[31:27];5'b0;RO;;;;
;;;;;;reg_dc0_comp_ch1_i_gain0;[26:18];9'b0;R/W;;;;~
;;;;;;reg_dc0_comp_ch1_i_gain1;[17:9];9'b0;R/W;;;;~
;;;;;;reg_dc0_comp_ch1_i_gain2;[8:0];9'b0;R/W;;;;~
0x0388;DC_CALIBRATE_CFG7;pclk;reset_n;;;;[31:27];5'b0;RO;;;;
;;;;;;reg_dc0_comp_ch1_i_gain3;[26:18];9'b0;R/W;;;;~
;;;;;;reg_dc0_comp_ch1_i_gain4;[17:9];9'b0;R/W;;;;~
;;;;;;reg_dc0_comp_ch1_i_gain5;[8:0];9'b0;R/W;;;;~
0x038C;DC_CALIBRATE_CFG8;pclk;reset_n;;;;[31:27];5'b0;RO;;;;
;;;;;;reg_dc0_comp_ch1_i_gain6;[26:18];9'b0;R/W;;;;~
;;;;;;reg_dc0_comp_ch1_i_gain7;[17:9];9'b0;R/W;;;;~
;;;;;;reg_dc0_comp_ch1_q_gain0;[8:0];9'b0;R/W;;;;~
0x0390;DC_CALIBRATE_CFG9;pclk;reset_n;;;;[31:27];5'b0;RO;;;;
;;;;;;reg_dc0_comp_ch1_q_gain1;[26:18];9'b0;R/W;;;;~
;;;;;;reg_dc0_comp_ch1_q_gain2;[17:9];9'b0;R/W;;;;~
;;;;;;reg_dc0_comp_ch1_q_gain3;[8:0];9'b0;R/W;;;;~
0x0394;DC_CALIBRATE_CFG10;pclk;reset_n;;;;[31:27];5'b0;RO;;;;
;;;;;;reg_dc0_comp_ch1_q_gain4;[26:18];9'b0;R/W;;;;~
;;;;;;reg_dc0_comp_ch1_q_gain5;[17:9];9'b0;R/W;;;;~
;;;;;;reg_dc0_comp_ch1_q_gain6;[8:0];9'b0;R/W;;;;~
0x0398;DC_CALIBRATE_CFG11;pclk;reset_n;;;;[31:27];5'b0;RO;;;;
;;;;;;reg_dc0_comp_ch1_q_gain7;[26:18];9'b0;R/W;;;;~
;;;;;;reg_dc1_comp_ch0_q_gain0;[17:9];9'b0;R/W;;;;~
;;;;;;reg_dc1_comp_ch1_q_gain0;[8:0];9'b0;R/W;;;;~
0x039C;DC_CALIBRATE_CFG12;pclk;reset_n;;;;[31:27];5'b0;RO;;;;
;;;;;;reg_dc1_comp_ch0_i_gain1;[26:18];9'b0;R/W;;;;~
;;;;;;reg_dc1_comp_ch0_i_gain2;[17:9];9'b0;R/W;;;;~
;;;;;;reg_dc1_comp_ch0_i_gain3;[8:0];9'b0;R/W;;;;~
0x03A0;DC_CALIBRATE_CFG13;pclk;reset_n;;;;[31:27];5'b0;RO;;;;
;;;;;;reg_dc1_comp_ch0_i_gain4;[26:18];9'b0;R/W;;;;~
;;;;;;reg_dc1_comp_ch0_i_gain5;[17:9];9'b0;R/W;;;;~
;;;;;;reg_dc1_comp_ch0_i_gain6;[8:0];9'b0;R/W;;;;~
0x03A4;DC_CALIBRATE_CFG14;pclk;reset_n;;;;[31:27];5'b0;RO;;;;
;;;;;;reg_dc1_comp_ch0_i_gain7;[26:18];9'b0;R/W;;;;~
;;;;;;reg_dc1_comp_ch0_q_gain1;[17:9];9'b0;R/W;;;;~
;;;;;;reg_dc1_comp_ch0_q_gain2;[8:0];9'b0;R/W;;;;~
0x03A8;DC_CALIBRATE_CFG15;pclk;reset_n;;;;[31:27];5'b0;RO;;;;
;;;;;;reg_dc1_comp_ch0_q_gain3;[26:18];9'b0;R/W;;;;~
;;;;;;reg_dc1_comp_ch0_q_gain4;[17:9];9'b0;R/W;;;;~
;;;;;;reg_dc1_comp_ch0_q_gain5;[8:0];9'b0;R/W;;;;~
0x03AC;DC_CALIBRATE_CFG16;pclk;reset_n;;;;[31:27];5'b0;RO;;;;
;;;;;;reg_dc1_comp_ch0_q_gain6;[26:18];9'b0;R/W;;;;~
;;;;;;reg_dc1_comp_ch0_q_gain7;[17:9];9'b0;R/W;;;;~
;;;;;;reg_dc1_comp_ch1_i_gain1;[8:0];9'b0;R/W;;;;~
0x03B0;DC_CALIBRATE_CFG17;pclk;reset_n;;;;[31:27];5'b0;RO;;;;
;;;;;;reg_dc1_comp_ch1_i_gain2;[26:18];9'b0;R/W;;;;~
;;;;;;reg_dc1_comp_ch1_i_gain3;[17:9];9'b0;R/W;;;;~
;;;;;;reg_dc1_comp_ch1_i_gain4;[8:0];9'b0;R/W;;;;~
0x03B4;DC_CALIBRATE_CFG18;pclk;reset_n;;;;[31:27];5'b0;RO;;;;
;;;;;;reg_dc1_comp_ch1_i_gain5;[26:18];9'b0;R/W;;;;~
;;;;;;reg_dc1_comp_ch1_i_gain6;[17:9];9'b0;R/W;;;;~
;;;;;;reg_dc1_comp_ch1_i_gain7;[8:0];9'b0;R/W;;;;~
0x03B8;DC_CALIBRATE_CFG19;pclk;reset_n;;;;[31:27];5'b0;RO;;;;
;;;;;;reg_dc1_comp_ch1_q_gain1;[26:18];9'b0;R/W;;;;~
;;;;;;reg_dc1_comp_ch1_q_gain2;[17:9];9'b0;R/W;;;;~
;;;;;;reg_dc1_comp_ch1_q_gain3;[8:0];9'b0;R/W;;;;~
0x03BC;DC_CALIBRATE_CFG20;pclk;reset_n;;;;[31:27];5'b0;RO;;;;
;;;;;;reg_dc1_comp_ch1_q_gain4;[26:18];9'b0;R/W;;;;~
;;;;;;reg_dc1_comp_ch1_q_gain5;[17:9];9'b0;R/W;;;;~
;;;;;;reg_dc1_comp_ch1_q_gain6;[8:0];9'b0;R/W;;;;~
0x03C0;DC_CALIBRATE_CFG21;pclk;reset_n;;;;[31:19];13'b0;RO;;;;
;;;;;;reg_dc_est_win_size;[18:10];9'd0;R/W;;;;~
;;;;;;reg_dc_est_done;[9];1'b0;RO;;;;~
;;;;;;reg_dc1_comp_ch1_q_gain7;[8:0];9'b0;R/W;;;;~
0x03C4;DC_CALIBRATE_CFG22;pclk;reset_n;;;reg_dc_est_idata_dc;[31:0];32'b0;RO;;;;~
0x03C8;DC_CALIBRATE_CFG23;pclk;reset_n;;;reg_dc_est_qdata_dc;[31:0];32'b0;RO;;;;~
0x03CC;DC_CALIBRATE_CFG24;pclk;reset_n;;;reg_dc_est_pow_sum;[31:0];32'b0;RO;;;;~
0x03D0;DC_CALIBRATE_CFG25;pclk;reset_n;;;reg_dc_est_pow_i;[31:0];32'b0;RO;;;;~
0x03D4;DC_CALIBRATE_CFG26;pclk;reset_n;;;reg_dc_est_pow_q;[31:0];32'b0;RO;;;;~
0x03D8;DC_CALIBRATE_CFG27;pclk;reset_n;;;reg_dc_est_pow_iq;[31:0];32'b0;RO;;;;~
0x03DC;DC_CALIBRATE_CFG28;pclk;reset_n;;;reg_dc_est_cor_ii;[31:0];32'b0;RO;;;;~
0x03E0;DC_CALIBRATE_CFG29;pclk;reset_n;;;reg_dc_est_cor_iq;[31:0];32'b0;RO;;;;~
0x03E4;DC_CALIBRATE_CFG30;pclk;reset_n;;;reg_dc_est_cor_qi;[31:0];32'b0;RO;;;;~
0x03E8;DC_CALIBRATE_CFG31;pclk;reset_n;;;reg_dc_est_cor_qq;[31:0];32'b0;RO;;;;~
0x03EC;RXDFE_IQ_MEM_SWRD_MEM;pclk;reset_n;;;reg_trx_iqmem_sw_rd_data;[31:0];32'b0;RO;;;;~
0x03F0;RXDFE_IQ_MEM_SWRD_RKRX_CH0;pclk;reset_n;;;;[31:18];14'b0;RO;;;;~
;;;;;;reg_trx_iqrkrx_sw_rd_data_ch0;[17:0];18'b0;RO;;;;~
0x03F4;RXDFE_IQ_MEM_SWRD_RKTX;pclk;reset_n;;;reg_trx_iqrktx_sw_rd_data;[31:0];32'b0;RO;;;;~
0x03F8;CCA_CTRL_CONF_2;pclk;reset_n;;;reg_cca_wdg_pktend_en;[31];1'd0;R/W;;;;~
;;;;;;reg_cca_wdg_pktend_wait;[30:20];11'd1280;R/W;;;;~
;;;;;;reg_cca_wdg_norm_en;[19];1'd0;R/W;;;;~
;;;;;;reg_cca_wdg_norm_wait;[18:10];9'd128;R/W;;;;~
;;;;;;reg_cca_force_gain;[9:1];9'd0;R/W;;;;~
;;;;;;reg_cca_force_gain_en;[0];1'd0;R/W;;;;~
0x03FC;CCA_CTRL_CONF_3;pclk;reset_n;;;reg_cca_lentrack_pwr_en;[31];1'd0;R/W;;;;~
;;;;;;reg_cca_lentrack_pwr_th;[30:23];8'd0;R/W;;;;~
;;;;;;reg_cca_lltf_sync_pwr_en;[22];1'd0;R/W;;;;~
;;;;;;reg_cca_lltf_sync_pwr_th;[21:14];8'd0;R/W;;;;~
;;;;;;reg_cca_stf_sync_pwr_en;[13];1'd0;R/W;;;;~
;;;;;;reg_cca_stf_sync_pwr_th;[12:5];8'd0;R/W;;;;~
;;;;;;reg_cca_agc_sat_p20busy_en;[4];1'd0;R/W;;;;~
;;;;;;reg_cca_agc_sat_s20busy_en;[3];1'd0;R/W;;;;~
;;;;;;reg_cca_agc_sat_s40busy_en;[2];1'd0;R/W;;;;~
;;;;;;reg_cca_agc_sat_s80busy_en;[1];1'd0;R/W;;;;~
;;;;;;reg_cca_status_ver_sel;[0];1'd0;R/W;;;;~    
0x0400;CCA_CTRL_CONF_4;pclk;reset_n;;;;[31:26];6'd0;RO;;;;
;;;;;;reg_cca_dump_data_sel;[25:24];2'd0;R/W;;;;~
;;;;;;reg_cca_pktdet_ofdm_stf_en;[23];1'd1;R/W;;;;~
;;;;;;reg_cca_pktdet_ofdm_ltf_en;[22];1'd1;R/W;;;;~
;;;;;;reg_cca_pktdet_dot11b_acq_en;[21];1'd1;R/W;;;;~
;;;;;;reg_cca_pktdet_dot11b_sfd_en;[20];1'd1;R/W;;;;~
;;;;;;reg_cca_pktdet_lentrk_en;[19];1'd1;R/W;;;;~
;;;;;;reg_cca_pktdet_ver_sel;[18];1'd0;R/W;;;;~
;;;;;;reg_cca_acq_sync_pwr_th;[17:10];8'd0;R/W;;;;~
;;;;;;reg_cca_acq_sync_pwr_en;[9];1'd0;R/W;;;;~
;;;;;;reg_cca_sfd_sync_pwr_th;[8:1];8'd0;R/W;;;;~
;;;;;;reg_cca_sfd_sync_pwr_en;[0];1'd0;R/W;;;;~
0x0404;CCA_CTRL_CONF_5;pclk;reset_n;;;;[31:21];11'd0;RO;;;;
;;;;;;reg_weaker_signal_for_length_track_en;[20];1'd0;R/W;;;;
;;;;;;reg_weaker_signal_pwr_th;[19:12];8'd166;R/W;;;;
;;;;;;reg_weaker_cca_pwr_select;[11];1'd1;R/W;;;;
;;;;;;reg_cca_remove_dc_sbc_en;[10];1'd1;R/W;;;;
;;;;;;reg_cca_pkt_det_ofdm_adaptive_en;[9];1'd1;R/W;;;;
;;;;;;reg_cca_pkt_det_ofdm_stf_pow_th;[8:0];9'd412;R/W;;;;
0x0408;RXDFE_IQ_MEM_SWRD_RKRX_CH1;pclk;reset_n;;;;[31:18];14'b0;RO;;;;~
;;;;;;reg_trx_iqrkrx_sw_rd_data_ch1;[17:0];18'b0;RO;;;;~
0x040C;CCA_DEBUG_DUMP1;pclk;reset_n;;;reg_cca_dump_pwr_sel;[31:28];4'd0;R/W;;;;~
;;;;;;reg_cca_debug_pri20_keep_time;[27:17];11'd2043;R/W;;;;~
;;;;;;reg_cca_debug_tick_mode;[16:14];3'd0;R/W;;;;~
;;;;;;reg_cca_debug_fft_win_time;[13:2];12'd4000;R/W;;;;~
;;;;;;reg_cca_debug_cnt_clr;[1];1'b0;R/W;;;;~
;;;;;;reg_cca_debug_en;[0];1'b0;R/W;;;;~
0x0410;DFX_SEL;pclk;reset_n;;;;[31:10];22'b0;RO;;;;
;;;;;;reg_dfx_tri1_sel;[9:5];5'b0;R/W;;;;~
;;;;;;reg_dfx_tri0_sel;[4:0];5'b0;R/W;;;;~
0x0414;CCA_DUMP_SEL0;pclk;reset_n;;;;[31:30];2'd0;RO;;;;~
;;;;;;reg_cca_dump_sel_idx5;[29:25];5'd5;R/W;;;;~
;;;;;;reg_cca_dump_sel_idx4;[24:20];5'd4;R/W;;;;~
;;;;;;reg_cca_dump_sel_idx3;[19:15];5'd3;R/W;;;;~
;;;;;;reg_cca_dump_sel_idx2;[14:10];5'd2;R/W;;;;~
;;;;;;reg_cca_dump_sel_idx1;[9:5];5'd1;R/W;;;;~
;;;;;;reg_cca_dump_sel_idx0;[4:0];5'd0;R/W;;;;~
0x0418;CCA_DUMP_SEL1;pclk;reset_n;;;;[31:30];2'd0;RO;;;;~
;;;;;;reg_cca_dump_sel_idx11;[29:25];5'd11;R/W;;;;~
;;;;;;reg_cca_dump_sel_idx10;[24:20];5'd10;R/W;;;;~
;;;;;;reg_cca_dump_sel_idx9;[19:15];5'd9;R/W;;;;~
;;;;;;reg_cca_dump_sel_idx8;[14:10];5'd8;R/W;;;;~
;;;;;;reg_cca_dump_sel_idx7;[9:5];5'd7;R/W;;;;~
;;;;;;reg_cca_dump_sel_idx6;[4:0];5'd6;R/W;;;;~
0x041C;CCA_DUMP_SEL2;pclk;reset_n;;;;[31:20];12'd0;RO;;;;~
;;;;;;reg_cca_dump_sel_idx15;[19:15];5'd15;R/W;;;;~
;;;;;;reg_cca_dump_sel_idx14;[14:10];5'd14;R/W;;;;~
;;;;;;reg_cca_dump_sel_idx13;[9:5];5'd13;R/W;;;;~
;;;;;;reg_cca_dump_sel_idx12;[4:0];5'd12;R/W;;;;~
0x0420;DATE;pclk;reset_n;;;;[31:28];4'b0;RO;;;;
;;;;Not;;reg_date;[27:0];28'h2506200;R/W;;;;~
